ISO-10303-21;
HEADER;
/* Generated by software containing ST-Developer
 * from STEP Tools, Inc. (www.steptools.com) 
 */

FILE_DESCRIPTION(
/* description */ (''),
/* implementation_level */ '2;1');

FILE_NAME(
/* name */ 'C:\\Users\\drago\\OneDrive\\Ta\X2\0300\X0\i li\X\EA\X2\0323\X0\u
\\2axis CNC\\frame.stp',
/* time_stamp */ '2026-08-19T14:18:16+07:00',
/* author */ ('drago'),
/* organization */ (''),
/* preprocessor_version */ 'ST-DEVELOPER v18',
/* originating_system */ 'Autodesk Inventor 2020',
/* authorisation */ '');

FILE_SCHEMA (('AUTOMOTIVE_DESIGN { 1 0 10303 214 3 1 1 }'));
ENDSEC;

DATA;
#10=MECHANICAL_DESIGN_GEOMETRIC_PRESENTATION_REPRESENTATION('',(#13),#3402);
#11=SHAPE_REPRESENTATION_RELATIONSHIP('SRR','None',#3409,#12);
#12=ADVANCED_BREP_SHAPE_REPRESENTATION('',(#14),#3401);
#13=STYLED_ITEM('',(#3418),#14);
#14=MANIFOLD_SOLID_BREP('Solid1',#1955);
#15=ELLIPSE('',#2120,1.41421356237308,1.);
#16=ELLIPSE('',#2121,1.41421356237309,1.);
#17=ELLIPSE('',#2123,1.4142135623731,1.);
#18=ELLIPSE('',#2125,1.4142135623731,1.);
#19=ELLIPSE('',#2130,1.4142135623731,1.);
#20=ELLIPSE('',#2131,1.4142135623731,1.);
#21=ELLIPSE('',#2133,1.4142135623731,1.);
#22=ELLIPSE('',#2135,1.4142135623731,1.);
#23=ELLIPSE('',#2140,1.4142135623731,1.);
#24=ELLIPSE('',#2141,1.41421356237309,1.);
#25=ELLIPSE('',#2143,1.4142135623731,1.);
#26=ELLIPSE('',#2145,1.41421356239078,1.);
#27=ELLIPSE('',#2152,1.41421356237309,1.);
#28=ELLIPSE('',#2153,1.4142135623731,1.);
#29=ELLIPSE('',#2155,1.41421356237309,1.);
#30=ELLIPSE('',#2157,1.4142135623731,1.);
#31=FACE_BOUND('',#257,.T.);
#32=FACE_BOUND('',#258,.T.);
#33=FACE_BOUND('',#259,.T.);
#34=FACE_BOUND('',#260,.T.);
#35=FACE_BOUND('',#261,.T.);
#36=FACE_BOUND('',#262,.T.);
#37=FACE_BOUND('',#263,.T.);
#38=FACE_BOUND('',#269,.T.);
#39=FACE_BOUND('',#274,.T.);
#40=FACE_BOUND('',#288,.T.);
#41=FACE_BOUND('',#289,.T.);
#42=FACE_BOUND('',#295,.T.);
#43=FACE_BOUND('',#296,.T.);
#44=FACE_BOUND('',#302,.T.);
#45=FACE_BOUND('',#303,.T.);
#46=FACE_BOUND('',#309,.T.);
#47=FACE_BOUND('',#310,.T.);
#48=FACE_BOUND('',#331,.T.);
#49=FACE_BOUND('',#332,.T.);
#50=FACE_BOUND('',#334,.T.);
#51=FACE_BOUND('',#335,.T.);
#52=FACE_BOUND('',#342,.T.);
#53=FACE_BOUND('',#343,.T.);
#54=FACE_BOUND('',#344,.T.);
#55=FACE_BOUND('',#345,.T.);
#56=FACE_BOUND('',#352,.T.);
#57=FACE_BOUND('',#353,.T.);
#58=FACE_BOUND('',#372,.T.);
#59=FACE_BOUND('',#373,.T.);
#60=FACE_BOUND('',#375,.T.);
#61=FACE_BOUND('',#376,.T.);
#62=FACE_BOUND('',#382,.T.);
#63=FACE_BOUND('',#383,.T.);
#64=FACE_BOUND('',#384,.T.);
#65=FACE_BOUND('',#385,.T.);
#66=FACE_BOUND('',#386,.T.);
#67=CONICAL_SURFACE('',#2007,5.,0.785398163397448);
#68=CONICAL_SURFACE('',#2020,5.,0.785398163397451);
#69=CONICAL_SURFACE('',#2026,4.25,0.785398163397448);
#70=CONICAL_SURFACE('',#2030,1.65,0.785398163397451);
#71=CONICAL_SURFACE('',#2034,4.25,0.785398163397448);
#72=CONICAL_SURFACE('',#2038,1.65,0.785398163397448);
#73=CONICAL_SURFACE('',#2067,1.25,0.785398163397455);
#74=CONICAL_SURFACE('',#2074,1.25,0.785398163397455);
#75=CONICAL_SURFACE('',#2078,1.15000000000001,0.785398163397457);
#76=CONICAL_SURFACE('',#2087,1.15000000000001,0.785398163397457);
#77=CONICAL_SURFACE('',#2093,1.25,0.785398163397448);
#78=CONICAL_SURFACE('',#2100,1.25,0.785398163397448);
#79=CONICAL_SURFACE('',#2104,1.15000000000001,0.785398163397457);
#80=CONICAL_SURFACE('',#2113,1.15000000000001,0.785398163397457);
#81=PLANE('',#1980);
#82=PLANE('',#1986);
#83=PLANE('',#2011);
#84=PLANE('',#2028);
#85=PLANE('',#2036);
#86=PLANE('',#2042);
#87=PLANE('',#2048);
#88=PLANE('',#2054);
#89=PLANE('',#2060);
#90=PLANE('',#2066);
#91=PLANE('',#2070);
#92=PLANE('',#2082);
#93=PLANE('',#2096);
#94=PLANE('',#2108);
#95=PLANE('',#2127);
#96=PLANE('',#2128);
#97=PLANE('',#2137);
#98=PLANE('',#2138);
#99=PLANE('',#2147);
#100=PLANE('',#2150);
#101=PLANE('',#2159);
#102=PLANE('',#2160);
#103=PLANE('',#2167);
#104=PLANE('',#2174);
#105=PLANE('',#2177);
#106=PLANE('',#2178);
#107=PLANE('',#2179);
#108=PLANE('',#2180);
#109=PLANE('',#2181);
#110=PLANE('',#2182);
#111=PLANE('',#2183);
#112=PLANE('',#2184);
#113=PLANE('',#2185);
#114=PLANE('',#2186);
#115=PLANE('',#2187);
#116=PLANE('',#2188);
#117=PLANE('',#2189);
#118=PLANE('',#2190);
#119=PLANE('',#2191);
#120=PLANE('',#2192);
#121=PLANE('',#2193);
#122=PLANE('',#2194);
#123=PLANE('',#2197);
#124=PLANE('',#2198);
#125=PLANE('',#2199);
#126=PLANE('',#2200);
#127=PLANE('',#2201);
#128=PLANE('',#2202);
#129=PLANE('',#2203);
#130=PLANE('',#2204);
#131=PLANE('',#2209);
#132=PLANE('',#2210);
#133=FACE_OUTER_BOUND('',#246,.T.);
#134=FACE_OUTER_BOUND('',#247,.T.);
#135=FACE_OUTER_BOUND('',#248,.T.);
#136=FACE_OUTER_BOUND('',#249,.T.);
#137=FACE_OUTER_BOUND('',#250,.T.);
#138=FACE_OUTER_BOUND('',#251,.T.);
#139=FACE_OUTER_BOUND('',#252,.T.);
#140=FACE_OUTER_BOUND('',#253,.T.);
#141=FACE_OUTER_BOUND('',#254,.T.);
#142=FACE_OUTER_BOUND('',#255,.T.);
#143=FACE_OUTER_BOUND('',#256,.T.);
#144=FACE_OUTER_BOUND('',#264,.T.);
#145=FACE_OUTER_BOUND('',#265,.T.);
#146=FACE_OUTER_BOUND('',#266,.T.);
#147=FACE_OUTER_BOUND('',#267,.T.);
#148=FACE_OUTER_BOUND('',#268,.T.);
#149=FACE_OUTER_BOUND('',#270,.T.);
#150=FACE_OUTER_BOUND('',#271,.T.);
#151=FACE_OUTER_BOUND('',#272,.T.);
#152=FACE_OUTER_BOUND('',#273,.T.);
#153=FACE_OUTER_BOUND('',#275,.T.);
#154=FACE_OUTER_BOUND('',#276,.T.);
#155=FACE_OUTER_BOUND('',#277,.T.);
#156=FACE_OUTER_BOUND('',#278,.T.);
#157=FACE_OUTER_BOUND('',#279,.T.);
#158=FACE_OUTER_BOUND('',#280,.T.);
#159=FACE_OUTER_BOUND('',#281,.T.);
#160=FACE_OUTER_BOUND('',#282,.T.);
#161=FACE_OUTER_BOUND('',#283,.T.);
#162=FACE_OUTER_BOUND('',#284,.T.);
#163=FACE_OUTER_BOUND('',#285,.T.);
#164=FACE_OUTER_BOUND('',#286,.T.);
#165=FACE_OUTER_BOUND('',#287,.T.);
#166=FACE_OUTER_BOUND('',#290,.T.);
#167=FACE_OUTER_BOUND('',#291,.T.);
#168=FACE_OUTER_BOUND('',#292,.T.);
#169=FACE_OUTER_BOUND('',#293,.T.);
#170=FACE_OUTER_BOUND('',#294,.T.);
#171=FACE_OUTER_BOUND('',#297,.T.);
#172=FACE_OUTER_BOUND('',#298,.T.);
#173=FACE_OUTER_BOUND('',#299,.T.);
#174=FACE_OUTER_BOUND('',#300,.T.);
#175=FACE_OUTER_BOUND('',#301,.T.);
#176=FACE_OUTER_BOUND('',#304,.T.);
#177=FACE_OUTER_BOUND('',#305,.T.);
#178=FACE_OUTER_BOUND('',#306,.T.);
#179=FACE_OUTER_BOUND('',#307,.T.);
#180=FACE_OUTER_BOUND('',#308,.T.);
#181=FACE_OUTER_BOUND('',#311,.T.);
#182=FACE_OUTER_BOUND('',#312,.T.);
#183=FACE_OUTER_BOUND('',#313,.T.);
#184=FACE_OUTER_BOUND('',#314,.T.);
#185=FACE_OUTER_BOUND('',#315,.T.);
#186=FACE_OUTER_BOUND('',#316,.T.);
#187=FACE_OUTER_BOUND('',#317,.T.);
#188=FACE_OUTER_BOUND('',#318,.T.);
#189=FACE_OUTER_BOUND('',#319,.T.);
#190=FACE_OUTER_BOUND('',#320,.T.);
#191=FACE_OUTER_BOUND('',#321,.T.);
#192=FACE_OUTER_BOUND('',#322,.T.);
#193=FACE_OUTER_BOUND('',#323,.T.);
#194=FACE_OUTER_BOUND('',#324,.T.);
#195=FACE_OUTER_BOUND('',#325,.T.);
#196=FACE_OUTER_BOUND('',#326,.T.);
#197=FACE_OUTER_BOUND('',#327,.T.);
#198=FACE_OUTER_BOUND('',#328,.T.);
#199=FACE_OUTER_BOUND('',#329,.T.);
#200=FACE_OUTER_BOUND('',#330,.T.);
#201=FACE_OUTER_BOUND('',#333,.T.);
#202=FACE_OUTER_BOUND('',#336,.T.);
#203=FACE_OUTER_BOUND('',#337,.T.);
#204=FACE_OUTER_BOUND('',#338,.T.);
#205=FACE_OUTER_BOUND('',#339,.T.);
#206=FACE_OUTER_BOUND('',#340,.T.);
#207=FACE_OUTER_BOUND('',#341,.T.);
#208=FACE_OUTER_BOUND('',#346,.T.);
#209=FACE_OUTER_BOUND('',#347,.T.);
#210=FACE_OUTER_BOUND('',#348,.T.);
#211=FACE_OUTER_BOUND('',#349,.T.);
#212=FACE_OUTER_BOUND('',#350,.T.);
#213=FACE_OUTER_BOUND('',#351,.T.);
#214=FACE_OUTER_BOUND('',#354,.T.);
#215=FACE_OUTER_BOUND('',#355,.T.);
#216=FACE_OUTER_BOUND('',#356,.T.);
#217=FACE_OUTER_BOUND('',#357,.T.);
#218=FACE_OUTER_BOUND('',#358,.T.);
#219=FACE_OUTER_BOUND('',#359,.T.);
#220=FACE_OUTER_BOUND('',#360,.T.);
#221=FACE_OUTER_BOUND('',#361,.T.);
#222=FACE_OUTER_BOUND('',#362,.T.);
#223=FACE_OUTER_BOUND('',#363,.T.);
#224=FACE_OUTER_BOUND('',#364,.T.);
#225=FACE_OUTER_BOUND('',#365,.T.);
#226=FACE_OUTER_BOUND('',#366,.T.);
#227=FACE_OUTER_BOUND('',#367,.T.);
#228=FACE_OUTER_BOUND('',#368,.T.);
#229=FACE_OUTER_BOUND('',#369,.T.);
#230=FACE_OUTER_BOUND('',#370,.T.);
#231=FACE_OUTER_BOUND('',#371,.T.);
#232=FACE_OUTER_BOUND('',#374,.T.);
#233=FACE_OUTER_BOUND('',#377,.T.);
#234=FACE_OUTER_BOUND('',#378,.T.);
#235=FACE_OUTER_BOUND('',#379,.T.);
#236=FACE_OUTER_BOUND('',#380,.T.);
#237=FACE_OUTER_BOUND('',#381,.T.);
#238=FACE_OUTER_BOUND('',#387,.T.);
#239=FACE_OUTER_BOUND('',#388,.T.);
#240=FACE_OUTER_BOUND('',#389,.T.);
#241=FACE_OUTER_BOUND('',#390,.T.);
#242=FACE_OUTER_BOUND('',#391,.T.);
#243=FACE_OUTER_BOUND('',#392,.T.);
#244=FACE_OUTER_BOUND('',#393,.T.);
#245=FACE_OUTER_BOUND('',#394,.T.);
#246=EDGE_LOOP('',(#1251,#1252,#1253,#1254,#1255,#1256));
#247=EDGE_LOOP('',(#1257,#1258));
#248=EDGE_LOOP('',(#1259,#1260,#1261,#1262,#1263,#1264));
#249=EDGE_LOOP('',(#1265,#1266));
#250=EDGE_LOOP('',(#1267,#1268,#1269,#1270,#1271));
#251=EDGE_LOOP('',(#1272,#1273,#1274,#1275,#1276));
#252=EDGE_LOOP('',(#1277,#1278,#1279,#1280,#1281));
#253=EDGE_LOOP('',(#1282,#1283,#1284,#1285,#1286));
#254=EDGE_LOOP('',(#1287,#1288,#1289,#1290,#1291));
#255=EDGE_LOOP('',(#1292,#1293,#1294,#1295,#1296));
#256=EDGE_LOOP('',(#1297,#1298,#1299,#1300,#1301,#1302,#1303,#1304,#1305,
#1306,#1307,#1308,#1309,#1310,#1311,#1312,#1313,#1314,#1315,#1316,#1317,
#1318,#1319,#1320));
#257=EDGE_LOOP('',(#1321,#1322));
#258=EDGE_LOOP('',(#1323,#1324));
#259=EDGE_LOOP('',(#1325,#1326));
#260=EDGE_LOOP('',(#1327,#1328));
#261=EDGE_LOOP('',(#1329,#1330));
#262=EDGE_LOOP('',(#1331));
#263=EDGE_LOOP('',(#1332));
#264=EDGE_LOOP('',(#1333,#1334,#1335,#1336,#1337,#1338));
#265=EDGE_LOOP('',(#1339,#1340,#1341,#1342,#1343));
#266=EDGE_LOOP('',(#1344,#1345,#1346,#1347,#1348,#1349));
#267=EDGE_LOOP('',(#1350,#1351,#1352,#1353,#1354));
#268=EDGE_LOOP('',(#1355));
#269=EDGE_LOOP('',(#1356));
#270=EDGE_LOOP('',(#1357,#1358,#1359,#1360));
#271=EDGE_LOOP('',(#1361,#1362,#1363,#1364));
#272=EDGE_LOOP('',(#1365,#1366,#1367,#1368,#1369));
#273=EDGE_LOOP('',(#1370));
#274=EDGE_LOOP('',(#1371));
#275=EDGE_LOOP('',(#1372,#1373,#1374,#1375));
#276=EDGE_LOOP('',(#1376,#1377,#1378,#1379));
#277=EDGE_LOOP('',(#1380));
#278=EDGE_LOOP('',(#1381,#1382,#1383,#1384,#1385,#1386));
#279=EDGE_LOOP('',(#1387,#1388));
#280=EDGE_LOOP('',(#1389,#1390,#1391,#1392,#1393,#1394));
#281=EDGE_LOOP('',(#1395,#1396));
#282=EDGE_LOOP('',(#1397,#1398,#1399,#1400,#1401,#1402));
#283=EDGE_LOOP('',(#1403,#1404));
#284=EDGE_LOOP('',(#1405,#1406,#1407,#1408,#1409,#1410));
#285=EDGE_LOOP('',(#1411,#1412));
#286=EDGE_LOOP('',(#1413,#1414,#1415,#1416));
#287=EDGE_LOOP('',(#1417,#1418,#1419,#1420));
#288=EDGE_LOOP('',(#1421));
#289=EDGE_LOOP('',(#1422));
#290=EDGE_LOOP('',(#1423,#1424,#1425,#1426));
#291=EDGE_LOOP('',(#1427,#1428,#1429,#1430));
#292=EDGE_LOOP('',(#1431,#1432,#1433,#1434));
#293=EDGE_LOOP('',(#1435,#1436,#1437,#1438,#1439));
#294=EDGE_LOOP('',(#1440,#1441,#1442,#1443));
#295=EDGE_LOOP('',(#1444));
#296=EDGE_LOOP('',(#1445));
#297=EDGE_LOOP('',(#1446,#1447,#1448,#1449,#1450,#1451));
#298=EDGE_LOOP('',(#1452,#1453,#1454,#1455,#1456));
#299=EDGE_LOOP('',(#1457,#1458,#1459,#1460,#1461,#1462));
#300=EDGE_LOOP('',(#1463,#1464,#1465,#1466));
#301=EDGE_LOOP('',(#1467,#1468,#1469,#1470));
#302=EDGE_LOOP('',(#1471));
#303=EDGE_LOOP('',(#1472));
#304=EDGE_LOOP('',(#1473,#1474,#1475,#1476));
#305=EDGE_LOOP('',(#1477,#1478,#1479,#1480));
#306=EDGE_LOOP('',(#1481,#1482,#1483,#1484));
#307=EDGE_LOOP('',(#1485,#1486,#1487,#1488,#1489));
#308=EDGE_LOOP('',(#1490,#1491,#1492,#1493));
#309=EDGE_LOOP('',(#1494));
#310=EDGE_LOOP('',(#1495));
#311=EDGE_LOOP('',(#1496,#1497,#1498,#1499,#1500,#1501));
#312=EDGE_LOOP('',(#1502,#1503,#1504,#1505,#1506));
#313=EDGE_LOOP('',(#1507,#1508,#1509,#1510,#1511,#1512));
#314=EDGE_LOOP('',(#1513,#1514,#1515,#1516));
#315=EDGE_LOOP('',(#1517,#1518,#1519,#1520));
#316=EDGE_LOOP('',(#1521,#1522,#1523,#1524));
#317=EDGE_LOOP('',(#1525,#1526,#1527,#1528));
#318=EDGE_LOOP('',(#1529,#1530,#1531,#1532));
#319=EDGE_LOOP('',(#1533,#1534,#1535,#1536,#1537,#1538,#1539,#1540,#1541,
#1542));
#320=EDGE_LOOP('',(#1543,#1544,#1545,#1546));
#321=EDGE_LOOP('',(#1547,#1548,#1549,#1550));
#322=EDGE_LOOP('',(#1551,#1552,#1553,#1554));
#323=EDGE_LOOP('',(#1555,#1556,#1557,#1558));
#324=EDGE_LOOP('',(#1559,#1560,#1561,#1562,#1563,#1564,#1565,#1566,#1567,
#1568));
#325=EDGE_LOOP('',(#1569,#1570,#1571,#1572));
#326=EDGE_LOOP('',(#1573,#1574,#1575,#1576));
#327=EDGE_LOOP('',(#1577,#1578,#1579,#1580));
#328=EDGE_LOOP('',(#1581,#1582,#1583,#1584));
#329=EDGE_LOOP('',(#1585,#1586,#1587,#1588));
#330=EDGE_LOOP('',(#1589,#1590,#1591,#1592));
#331=EDGE_LOOP('',(#1593));
#332=EDGE_LOOP('',(#1594));
#333=EDGE_LOOP('',(#1595,#1596,#1597,#1598));
#334=EDGE_LOOP('',(#1599,#1600));
#335=EDGE_LOOP('',(#1601,#1602));
#336=EDGE_LOOP('',(#1603,#1604,#1605,#1606));
#337=EDGE_LOOP('',(#1607,#1608,#1609,#1610));
#338=EDGE_LOOP('',(#1611,#1612,#1613,#1614));
#339=EDGE_LOOP('',(#1615,#1616,#1617,#1618));
#340=EDGE_LOOP('',(#1619,#1620,#1621,#1622));
#341=EDGE_LOOP('',(#1623,#1624,#1625,#1626,#1627,#1628,#1629,#1630,#1631,
#1632));
#342=EDGE_LOOP('',(#1633,#1634));
#343=EDGE_LOOP('',(#1635,#1636));
#344=EDGE_LOOP('',(#1637,#1638));
#345=EDGE_LOOP('',(#1639,#1640));
#346=EDGE_LOOP('',(#1641,#1642,#1643,#1644));
#347=EDGE_LOOP('',(#1645));
#348=EDGE_LOOP('',(#1646,#1647,#1648,#1649));
#349=EDGE_LOOP('',(#1650,#1651,#1652,#1653));
#350=EDGE_LOOP('',(#1654,#1655,#1656,#1657));
#351=EDGE_LOOP('',(#1658,#1659,#1660,#1661,#1662,#1663,#1664,#1665,#1666,
#1667));
#352=EDGE_LOOP('',(#1668));
#353=EDGE_LOOP('',(#1669));
#354=EDGE_LOOP('',(#1670,#1671,#1672,#1673));
#355=EDGE_LOOP('',(#1674,#1675,#1676,#1677));
#356=EDGE_LOOP('',(#1678,#1679,#1680,#1681));
#357=EDGE_LOOP('',(#1682,#1683,#1684,#1685));
#358=EDGE_LOOP('',(#1686,#1687,#1688,#1689));
#359=EDGE_LOOP('',(#1690,#1691,#1692,#1693));
#360=EDGE_LOOP('',(#1694,#1695,#1696,#1697));
#361=EDGE_LOOP('',(#1698,#1699,#1700,#1701));
#362=EDGE_LOOP('',(#1702,#1703,#1704,#1705));
#363=EDGE_LOOP('',(#1706,#1707,#1708,#1709));
#364=EDGE_LOOP('',(#1710,#1711,#1712,#1713));
#365=EDGE_LOOP('',(#1714,#1715,#1716,#1717));
#366=EDGE_LOOP('',(#1718,#1719,#1720,#1721));
#367=EDGE_LOOP('',(#1722,#1723,#1724,#1725));
#368=EDGE_LOOP('',(#1726,#1727,#1728,#1729));
#369=EDGE_LOOP('',(#1730,#1731,#1732,#1733));
#370=EDGE_LOOP('',(#1734,#1735,#1736,#1737));
#371=EDGE_LOOP('',(#1738,#1739,#1740,#1741));
#372=EDGE_LOOP('',(#1742));
#373=EDGE_LOOP('',(#1743));
#374=EDGE_LOOP('',(#1744,#1745,#1746,#1747));
#375=EDGE_LOOP('',(#1748,#1749));
#376=EDGE_LOOP('',(#1750,#1751));
#377=EDGE_LOOP('',(#1752,#1753));
#378=EDGE_LOOP('',(#1754,#1755));
#379=EDGE_LOOP('',(#1756,#1757));
#380=EDGE_LOOP('',(#1758,#1759));
#381=EDGE_LOOP('',(#1760,#1761,#1762,#1763,#1764,#1765,#1766,#1767));
#382=EDGE_LOOP('',(#1768));
#383=EDGE_LOOP('',(#1769));
#384=EDGE_LOOP('',(#1770));
#385=EDGE_LOOP('',(#1771));
#386=EDGE_LOOP('',(#1772));
#387=EDGE_LOOP('',(#1773));
#388=EDGE_LOOP('',(#1774));
#389=EDGE_LOOP('',(#1775,#1776,#1777,#1778));
#390=EDGE_LOOP('',(#1779,#1780,#1781,#1782));
#391=EDGE_LOOP('',(#1783,#1784,#1785,#1786,#1787));
#392=EDGE_LOOP('',(#1788,#1789,#1790,#1791,#1792));
#393=EDGE_LOOP('',(#1793));
#394=EDGE_LOOP('',(#1794));
#395=LINE('',#2841,#544);
#396=LINE('',#2852,#545);
#397=LINE('',#2863,#546);
#398=LINE('',#2871,#547);
#399=LINE('',#2879,#548);
#400=LINE('',#2887,#549);
#401=LINE('',#2895,#550);
#402=LINE('',#2901,#551);
#403=LINE('',#2910,#552);
#404=LINE('',#2912,#553);
#405=LINE('',#2914,#554);
#406=LINE('',#2916,#555);
#407=LINE('',#2918,#556);
#408=LINE('',#2922,#557);
#409=LINE('',#2924,#558);
#410=LINE('',#2926,#559);
#411=LINE('',#2928,#560);
#412=LINE('',#2930,#561);
#413=LINE('',#2934,#562);
#414=LINE('',#2936,#563);
#415=LINE('',#2938,#564);
#416=LINE('',#2940,#565);
#417=LINE('',#2942,#566);
#418=LINE('',#2946,#567);
#419=LINE('',#2948,#568);
#420=LINE('',#2950,#569);
#421=LINE('',#2952,#570);
#422=LINE('',#2953,#571);
#423=LINE('',#2961,#572);
#424=LINE('',#2964,#573);
#425=LINE('',#2973,#574);
#426=LINE('',#2977,#575);
#427=LINE('',#2983,#576);
#428=LINE('',#2987,#577);
#429=LINE('',#2992,#578);
#430=LINE('',#2998,#579);
#431=LINE('',#3002,#580);
#432=LINE('',#3011,#581);
#433=LINE('',#3022,#582);
#434=LINE('',#3033,#583);
#435=LINE('',#3044,#584);
#436=LINE('',#3053,#585);
#437=LINE('',#3058,#586);
#438=LINE('',#3060,#587);
#439=LINE('',#3062,#588);
#440=LINE('',#3063,#589);
#441=LINE('',#3068,#590);
#442=LINE('',#3072,#591);
#443=LINE('',#3076,#592);
#444=LINE('',#3082,#593);
#445=LINE('',#3089,#594);
#446=LINE('',#3091,#595);
#447=LINE('',#3093,#596);
#448=LINE('',#3094,#597);
#449=LINE('',#3099,#598);
#450=LINE('',#3105,#599);
#451=LINE('',#3111,#600);
#452=LINE('',#3119,#601);
#453=LINE('',#3124,#602);
#454=LINE('',#3126,#603);
#455=LINE('',#3128,#604);
#456=LINE('',#3129,#605);
#457=LINE('',#3134,#606);
#458=LINE('',#3138,#607);
#459=LINE('',#3142,#608);
#460=LINE('',#3148,#609);
#461=LINE('',#3155,#610);
#462=LINE('',#3157,#611);
#463=LINE('',#3159,#612);
#464=LINE('',#3160,#613);
#465=LINE('',#3165,#614);
#466=LINE('',#3171,#615);
#467=LINE('',#3177,#616);
#468=LINE('',#3184,#617);
#469=LINE('',#3190,#618);
#470=LINE('',#3194,#619);
#471=LINE('',#3196,#620);
#472=LINE('',#3199,#621);
#473=LINE('',#3201,#622);
#474=LINE('',#3202,#623);
#475=LINE('',#3205,#624);
#476=LINE('',#3206,#625);
#477=LINE('',#3208,#626);
#478=LINE('',#3210,#627);
#479=LINE('',#3211,#628);
#480=LINE('',#3212,#629);
#481=LINE('',#3217,#630);
#482=LINE('',#3222,#631);
#483=LINE('',#3225,#632);
#484=LINE('',#3228,#633);
#485=LINE('',#3231,#634);
#486=LINE('',#3232,#635);
#487=LINE('',#3234,#636);
#488=LINE('',#3236,#637);
#489=LINE('',#3237,#638);
#490=LINE('',#3239,#639);
#491=LINE('',#3240,#640);
#492=LINE('',#3243,#641);
#493=LINE('',#3244,#642);
#494=LINE('',#3249,#643);
#495=LINE('',#3254,#644);
#496=LINE('',#3258,#645);
#497=LINE('',#3260,#646);
#498=LINE('',#3263,#647);
#499=LINE('',#3265,#648);
#500=LINE('',#3266,#649);
#501=LINE('',#3273,#650);
#502=LINE('',#3274,#651);
#503=LINE('',#3279,#652);
#504=LINE('',#3284,#653);
#505=LINE('',#3288,#654);
#506=LINE('',#3290,#655);
#507=LINE('',#3293,#656);
#508=LINE('',#3295,#657);
#509=LINE('',#3296,#658);
#510=LINE('',#3299,#659);
#511=LINE('',#3300,#660);
#512=LINE('',#3302,#661);
#513=LINE('',#3304,#662);
#514=LINE('',#3305,#663);
#515=LINE('',#3306,#664);
#516=LINE('',#3318,#665);
#517=LINE('',#3327,#666);
#518=LINE('',#3330,#667);
#519=LINE('',#3331,#668);
#520=LINE('',#3332,#669);
#521=LINE('',#3333,#670);
#522=LINE('',#3339,#671);
#523=LINE('',#3342,#672);
#524=LINE('',#3343,#673);
#525=LINE('',#3345,#674);
#526=LINE('',#3347,#675);
#527=LINE('',#3351,#676);
#528=LINE('',#3352,#677);
#529=LINE('',#3354,#678);
#530=LINE('',#3355,#679);
#531=LINE('',#3358,#680);
#532=LINE('',#3361,#681);
#533=LINE('',#3363,#682);
#534=LINE('',#3365,#683);
#535=LINE('',#3368,#684);
#536=LINE('',#3371,#685);
#537=LINE('',#3372,#686);
#538=LINE('',#3374,#687);
#539=LINE('',#3376,#688);
#540=LINE('',#3390,#689);
#541=LINE('',#3392,#690);
#542=LINE('',#3394,#691);
#543=LINE('',#3396,#692);
#544=VECTOR('',#2219,0.900000000000001);
#545=VECTOR('',#2232,0.9);
#546=VECTOR('',#2245,0.900000000000016);
#547=VECTOR('',#2254,0.900000000000016);
#548=VECTOR('',#2263,0.900000000000016);
#549=VECTOR('',#2272,0.900000000000016);
#550=VECTOR('',#2281,0.899999999999998);
#551=VECTOR('',#2288,5.);
#552=VECTOR('',#2297,10.);
#553=VECTOR('',#2298,10.);
#554=VECTOR('',#2299,10.);
#555=VECTOR('',#2300,10.);
#556=VECTOR('',#2301,10.);
#557=VECTOR('',#2304,10.);
#558=VECTOR('',#2305,10.);
#559=VECTOR('',#2306,10.);
#560=VECTOR('',#2307,10.);
#561=VECTOR('',#2308,10.);
#562=VECTOR('',#2311,10.);
#563=VECTOR('',#2312,10.);
#564=VECTOR('',#2313,10.);
#565=VECTOR('',#2314,10.);
#566=VECTOR('',#2315,10.);
#567=VECTOR('',#2318,10.);
#568=VECTOR('',#2319,10.);
#569=VECTOR('',#2320,10.);
#570=VECTOR('',#2321,10.);
#571=VECTOR('',#2322,10.);
#572=VECTOR('',#2331,4.5);
#573=VECTOR('',#2334,5.);
#574=VECTOR('',#2345,4.5);
#575=VECTOR('',#2350,4.25);
#576=VECTOR('',#2357,1.65);
#577=VECTOR('',#2362,1.4);
#578=VECTOR('',#2369,4.25);
#579=VECTOR('',#2376,1.65);
#580=VECTOR('',#2381,1.4);
#581=VECTOR('',#2392,0.899999999999981);
#582=VECTOR('',#2405,0.900000000000001);
#583=VECTOR('',#2418,0.899999999999998);
#584=VECTOR('',#2431,0.9);
#585=VECTOR('',#2442,1.25);
#586=VECTOR('',#2447,10.);
#587=VECTOR('',#2448,10.);
#588=VECTOR('',#2449,10.);
#589=VECTOR('',#2450,10.);
#590=VECTOR('',#2455,1.);
#591=VECTOR('',#2460,1.25);
#592=VECTOR('',#2465,1.);
#593=VECTOR('',#2472,1.15000000000001);
#594=VECTOR('',#2479,10.);
#595=VECTOR('',#2480,10.);
#596=VECTOR('',#2481,10.);
#597=VECTOR('',#2482,10.);
#598=VECTOR('',#2487,0.900000000000005);
#599=VECTOR('',#2494,1.15000000000001);
#600=VECTOR('',#2501,0.900000000000003);
#601=VECTOR('',#2510,1.25);
#602=VECTOR('',#2515,10.);
#603=VECTOR('',#2516,10.);
#604=VECTOR('',#2517,10.);
#605=VECTOR('',#2518,10.);
#606=VECTOR('',#2523,1.);
#607=VECTOR('',#2528,1.25);
#608=VECTOR('',#2533,1.);
#609=VECTOR('',#2540,1.15000000000001);
#610=VECTOR('',#2547,10.);
#611=VECTOR('',#2548,10.);
#612=VECTOR('',#2549,10.);
#613=VECTOR('',#2550,10.);
#614=VECTOR('',#2555,0.900000000000008);
#615=VECTOR('',#2562,1.15000000000001);
#616=VECTOR('',#2569,0.900000000000003);
#617=VECTOR('',#2576,10.);
#618=VECTOR('',#2585,10.);
#619=VECTOR('',#2590,10.);
#620=VECTOR('',#2593,10.);
#621=VECTOR('',#2596,10.);
#622=VECTOR('',#2597,10.);
#623=VECTOR('',#2598,10.);
#624=VECTOR('',#2601,10.);
#625=VECTOR('',#2602,10.);
#626=VECTOR('',#2603,10.);
#627=VECTOR('',#2604,10.);
#628=VECTOR('',#2605,10.);
#629=VECTOR('',#2606,10.);
#630=VECTOR('',#2611,10.);
#631=VECTOR('',#2618,10.);
#632=VECTOR('',#2621,10.);
#633=VECTOR('',#2626,10.);
#634=VECTOR('',#2629,10.);
#635=VECTOR('',#2630,10.);
#636=VECTOR('',#2631,10.);
#637=VECTOR('',#2632,10.);
#638=VECTOR('',#2633,10.);
#639=VECTOR('',#2634,10.);
#640=VECTOR('',#2635,10.);
#641=VECTOR('',#2638,10.);
#642=VECTOR('',#2639,10.);
#643=VECTOR('',#2644,10.);
#644=VECTOR('',#2651,10.);
#645=VECTOR('',#2656,10.);
#646=VECTOR('',#2659,10.);
#647=VECTOR('',#2662,10.);
#648=VECTOR('',#2663,10.);
#649=VECTOR('',#2664,10.);
#650=VECTOR('',#2671,10.);
#651=VECTOR('',#2672,10.);
#652=VECTOR('',#2677,10.);
#653=VECTOR('',#2684,10.);
#654=VECTOR('',#2689,10.);
#655=VECTOR('',#2692,10.);
#656=VECTOR('',#2695,10.);
#657=VECTOR('',#2696,10.);
#658=VECTOR('',#2697,10.);
#659=VECTOR('',#2700,10.);
#660=VECTOR('',#2701,10.);
#661=VECTOR('',#2702,10.);
#662=VECTOR('',#2703,10.);
#663=VECTOR('',#2704,10.);
#664=VECTOR('',#2705,10.);
#665=VECTOR('',#2718,10.);
#666=VECTOR('',#2733,10.);
#667=VECTOR('',#2736,10.);
#668=VECTOR('',#2737,10.);
#669=VECTOR('',#2738,10.);
#670=VECTOR('',#2739,10.);
#671=VECTOR('',#2746,10.);
#672=VECTOR('',#2749,10.);
#673=VECTOR('',#2750,10.);
#674=VECTOR('',#2753,10.);
#675=VECTOR('',#2756,10.);
#676=VECTOR('',#2761,10.);
#677=VECTOR('',#2762,10.);
#678=VECTOR('',#2765,10.);
#679=VECTOR('',#2766,10.);
#680=VECTOR('',#2771,10.);
#681=VECTOR('',#2776,10.);
#682=VECTOR('',#2779,10.);
#683=VECTOR('',#2782,10.);
#684=VECTOR('',#2787,10.);
#685=VECTOR('',#2790,10.);
#686=VECTOR('',#2791,10.);
#687=VECTOR('',#2794,10.);
#688=VECTOR('',#2797,10.);
#689=VECTOR('',#2820,1.4);
#690=VECTOR('',#2823,1.4);
#691=VECTOR('',#2826,1.4);
#692=VECTOR('',#2829,1.4);
#693=CIRCLE('',#1976,0.900000000000001);
#694=CIRCLE('',#1977,0.900000000000001);
#695=CIRCLE('',#1978,0.900000000000001);
#696=CIRCLE('',#1979,0.900000000000001);
#697=CIRCLE('',#1982,0.9);
#698=CIRCLE('',#1983,0.9);
#699=CIRCLE('',#1984,0.9);
#700=CIRCLE('',#1985,0.9);
#701=CIRCLE('',#1988,0.900000000000016);
#702=CIRCLE('',#1989,0.900000000000016);
#703=CIRCLE('',#1990,0.900000000000016);
#704=CIRCLE('',#1992,0.900000000000016);
#705=CIRCLE('',#1993,0.900000000000016);
#706=CIRCLE('',#1994,0.900000000000016);
#707=CIRCLE('',#1996,0.900000000000016);
#708=CIRCLE('',#1997,0.900000000000016);
#709=CIRCLE('',#1998,0.900000000000016);
#710=CIRCLE('',#2000,0.900000000000016);
#711=CIRCLE('',#2001,0.900000000000016);
#712=CIRCLE('',#2002,0.900000000000016);
#713=CIRCLE('',#2004,0.899999999999998);
#714=CIRCLE('',#2005,0.899999999999998);
#715=CIRCLE('',#2006,0.899999999999998);
#716=CIRCLE('',#2008,5.5);
#717=CIRCLE('',#2009,4.5);
#718=CIRCLE('',#2010,4.5);
#719=CIRCLE('',#2012,5.);
#720=CIRCLE('',#2013,5.);
#721=CIRCLE('',#2014,5.);
#722=CIRCLE('',#2015,5.);
#723=CIRCLE('',#2016,5.5);
#724=CIRCLE('',#2018,4.5);
#725=CIRCLE('',#2019,4.5);
#726=CIRCLE('',#2021,4.5);
#727=CIRCLE('',#2022,4.5);
#728=CIRCLE('',#2024,4.5);
#729=CIRCLE('',#2025,4.5);
#730=CIRCLE('',#2027,4.);
#731=CIRCLE('',#2029,1.9);
#732=CIRCLE('',#2031,1.4);
#733=CIRCLE('',#2033,1.4);
#734=CIRCLE('',#2035,4.);
#735=CIRCLE('',#2037,1.9);
#736=CIRCLE('',#2039,1.4);
#737=CIRCLE('',#2041,1.4);
#738=CIRCLE('',#2044,0.899999999999981);
#739=CIRCLE('',#2045,0.899999999999981);
#740=CIRCLE('',#2046,0.899999999999981);
#741=CIRCLE('',#2047,0.899999999999981);
#742=CIRCLE('',#2050,0.900000000000001);
#743=CIRCLE('',#2051,0.900000000000001);
#744=CIRCLE('',#2052,0.900000000000001);
#745=CIRCLE('',#2053,0.900000000000001);
#746=CIRCLE('',#2056,0.899999999999999);
#747=CIRCLE('',#2057,0.899999999999999);
#748=CIRCLE('',#2058,0.899999999999999);
#749=CIRCLE('',#2059,0.899999999999999);
#750=CIRCLE('',#2062,0.9);
#751=CIRCLE('',#2063,0.9);
#752=CIRCLE('',#2064,0.9);
#753=CIRCLE('',#2065,0.9);
#754=CIRCLE('',#2068,1.50000000000001);
#755=CIRCLE('',#2069,1.);
#756=CIRCLE('',#2071,1.50000000000001);
#757=CIRCLE('',#2073,1.);
#758=CIRCLE('',#2075,1.);
#759=CIRCLE('',#2077,1.);
#760=CIRCLE('',#2079,1.40000000000001);
#761=CIRCLE('',#2080,0.900000000000005);
#762=CIRCLE('',#2081,0.900000000000005);
#763=CIRCLE('',#2083,1.40000000000001);
#764=CIRCLE('',#2085,0.900000000000005);
#765=CIRCLE('',#2086,0.900000000000005);
#766=CIRCLE('',#2088,0.900000000000003);
#767=CIRCLE('',#2089,0.900000000000003);
#768=CIRCLE('',#2091,0.900000000000003);
#769=CIRCLE('',#2092,0.900000000000003);
#770=CIRCLE('',#2094,1.5);
#771=CIRCLE('',#2095,1.);
#772=CIRCLE('',#2097,1.5);
#773=CIRCLE('',#2099,1.);
#774=CIRCLE('',#2101,1.);
#775=CIRCLE('',#2103,1.);
#776=CIRCLE('',#2105,1.40000000000002);
#777=CIRCLE('',#2106,0.900000000000008);
#778=CIRCLE('',#2107,0.900000000000008);
#779=CIRCLE('',#2109,1.40000000000001);
#780=CIRCLE('',#2111,0.900000000000008);
#781=CIRCLE('',#2112,0.900000000000008);
#782=CIRCLE('',#2114,0.900000000000004);
#783=CIRCLE('',#2115,0.900000000000004);
#784=CIRCLE('',#2117,0.900000000000004);
#785=CIRCLE('',#2118,0.900000000000004);
#786=CIRCLE('',#2148,1.4);
#787=CIRCLE('',#2149,1.4);
#788=CIRCLE('',#2161,1.4);
#789=CIRCLE('',#2162,1.4);
#790=CIRCLE('',#2163,1.4);
#791=CIRCLE('',#2164,1.4);
#792=CIRCLE('',#2166,5.);
#793=CIRCLE('',#2169,5.);
#794=CIRCLE('',#2171,5.);
#795=CIRCLE('',#2173,5.);
#796=CIRCLE('',#2175,1.4);
#797=CIRCLE('',#2176,1.4);
#798=CIRCLE('',#2195,1.4);
#799=CIRCLE('',#2196,1.4);
#800=VERTEX_POINT('',#2836);
#801=VERTEX_POINT('',#2837);
#802=VERTEX_POINT('',#2840);
#803=VERTEX_POINT('',#2842);
#804=VERTEX_POINT('',#2847);
#805=VERTEX_POINT('',#2848);
#806=VERTEX_POINT('',#2851);
#807=VERTEX_POINT('',#2853);
#808=VERTEX_POINT('',#2858);
#809=VERTEX_POINT('',#2859);
#810=VERTEX_POINT('',#2862);
#811=VERTEX_POINT('',#2866);
#812=VERTEX_POINT('',#2867);
#813=VERTEX_POINT('',#2870);
#814=VERTEX_POINT('',#2874);
#815=VERTEX_POINT('',#2875);
#816=VERTEX_POINT('',#2878);
#817=VERTEX_POINT('',#2882);
#818=VERTEX_POINT('',#2883);
#819=VERTEX_POINT('',#2886);
#820=VERTEX_POINT('',#2890);
#821=VERTEX_POINT('',#2891);
#822=VERTEX_POINT('',#2894);
#823=VERTEX_POINT('',#2898);
#824=VERTEX_POINT('',#2900);
#825=VERTEX_POINT('',#2902);
#826=VERTEX_POINT('',#2906);
#827=VERTEX_POINT('',#2907);
#828=VERTEX_POINT('',#2909);
#829=VERTEX_POINT('',#2911);
#830=VERTEX_POINT('',#2913);
#831=VERTEX_POINT('',#2915);
#832=VERTEX_POINT('',#2917);
#833=VERTEX_POINT('',#2919);
#834=VERTEX_POINT('',#2921);
#835=VERTEX_POINT('',#2923);
#836=VERTEX_POINT('',#2925);
#837=VERTEX_POINT('',#2927);
#838=VERTEX_POINT('',#2929);
#839=VERTEX_POINT('',#2931);
#840=VERTEX_POINT('',#2933);
#841=VERTEX_POINT('',#2935);
#842=VERTEX_POINT('',#2937);
#843=VERTEX_POINT('',#2939);
#844=VERTEX_POINT('',#2941);
#845=VERTEX_POINT('',#2943);
#846=VERTEX_POINT('',#2945);
#847=VERTEX_POINT('',#2947);
#848=VERTEX_POINT('',#2949);
#849=VERTEX_POINT('',#2951);
#850=VERTEX_POINT('',#2954);
#851=VERTEX_POINT('',#2957);
#852=VERTEX_POINT('',#2958);
#853=VERTEX_POINT('',#2963);
#854=VERTEX_POINT('',#2965);
#855=VERTEX_POINT('',#2969);
#856=VERTEX_POINT('',#2970);
#857=VERTEX_POINT('',#2975);
#858=VERTEX_POINT('',#2979);
#859=VERTEX_POINT('',#2982);
#860=VERTEX_POINT('',#2986);
#861=VERTEX_POINT('',#2990);
#862=VERTEX_POINT('',#2994);
#863=VERTEX_POINT('',#2997);
#864=VERTEX_POINT('',#3001);
#865=VERTEX_POINT('',#3006);
#866=VERTEX_POINT('',#3007);
#867=VERTEX_POINT('',#3010);
#868=VERTEX_POINT('',#3012);
#869=VERTEX_POINT('',#3017);
#870=VERTEX_POINT('',#3018);
#871=VERTEX_POINT('',#3021);
#872=VERTEX_POINT('',#3023);
#873=VERTEX_POINT('',#3028);
#874=VERTEX_POINT('',#3029);
#875=VERTEX_POINT('',#3032);
#876=VERTEX_POINT('',#3034);
#877=VERTEX_POINT('',#3039);
#878=VERTEX_POINT('',#3040);
#879=VERTEX_POINT('',#3043);
#880=VERTEX_POINT('',#3045);
#881=VERTEX_POINT('',#3050);
#882=VERTEX_POINT('',#3052);
#883=VERTEX_POINT('',#3056);
#884=VERTEX_POINT('',#3057);
#885=VERTEX_POINT('',#3059);
#886=VERTEX_POINT('',#3061);
#887=VERTEX_POINT('',#3064);
#888=VERTEX_POINT('',#3067);
#889=VERTEX_POINT('',#3071);
#890=VERTEX_POINT('',#3075);
#891=VERTEX_POINT('',#3079);
#892=VERTEX_POINT('',#3081);
#893=VERTEX_POINT('',#3083);
#894=VERTEX_POINT('',#3087);
#895=VERTEX_POINT('',#3088);
#896=VERTEX_POINT('',#3090);
#897=VERTEX_POINT('',#3092);
#898=VERTEX_POINT('',#3095);
#899=VERTEX_POINT('',#3098);
#900=VERTEX_POINT('',#3100);
#901=VERTEX_POINT('',#3104);
#902=VERTEX_POINT('',#3106);
#903=VERTEX_POINT('',#3110);
#904=VERTEX_POINT('',#3112);
#905=VERTEX_POINT('',#3116);
#906=VERTEX_POINT('',#3118);
#907=VERTEX_POINT('',#3122);
#908=VERTEX_POINT('',#3123);
#909=VERTEX_POINT('',#3125);
#910=VERTEX_POINT('',#3127);
#911=VERTEX_POINT('',#3130);
#912=VERTEX_POINT('',#3133);
#913=VERTEX_POINT('',#3137);
#914=VERTEX_POINT('',#3141);
#915=VERTEX_POINT('',#3145);
#916=VERTEX_POINT('',#3147);
#917=VERTEX_POINT('',#3149);
#918=VERTEX_POINT('',#3153);
#919=VERTEX_POINT('',#3154);
#920=VERTEX_POINT('',#3156);
#921=VERTEX_POINT('',#3158);
#922=VERTEX_POINT('',#3161);
#923=VERTEX_POINT('',#3164);
#924=VERTEX_POINT('',#3166);
#925=VERTEX_POINT('',#3170);
#926=VERTEX_POINT('',#3172);
#927=VERTEX_POINT('',#3176);
#928=VERTEX_POINT('',#3178);
#929=VERTEX_POINT('',#3182);
#930=VERTEX_POINT('',#3183);
#931=VERTEX_POINT('',#3188);
#932=VERTEX_POINT('',#3192);
#933=VERTEX_POINT('',#3198);
#934=VERTEX_POINT('',#3200);
#935=VERTEX_POINT('',#3204);
#936=VERTEX_POINT('',#3207);
#937=VERTEX_POINT('',#3209);
#938=VERTEX_POINT('',#3214);
#939=VERTEX_POINT('',#3216);
#940=VERTEX_POINT('',#3220);
#941=VERTEX_POINT('',#3224);
#942=VERTEX_POINT('',#3230);
#943=VERTEX_POINT('',#3233);
#944=VERTEX_POINT('',#3235);
#945=VERTEX_POINT('',#3238);
#946=VERTEX_POINT('',#3242);
#947=VERTEX_POINT('',#3246);
#948=VERTEX_POINT('',#3248);
#949=VERTEX_POINT('',#3252);
#950=VERTEX_POINT('',#3256);
#951=VERTEX_POINT('',#3262);
#952=VERTEX_POINT('',#3264);
#953=VERTEX_POINT('',#3267);
#954=VERTEX_POINT('',#3269);
#955=VERTEX_POINT('',#3272);
#956=VERTEX_POINT('',#3276);
#957=VERTEX_POINT('',#3278);
#958=VERTEX_POINT('',#3282);
#959=VERTEX_POINT('',#3286);
#960=VERTEX_POINT('',#3292);
#961=VERTEX_POINT('',#3294);
#962=VERTEX_POINT('',#3298);
#963=VERTEX_POINT('',#3301);
#964=VERTEX_POINT('',#3303);
#965=VERTEX_POINT('',#3307);
#966=VERTEX_POINT('',#3308);
#967=VERTEX_POINT('',#3311);
#968=VERTEX_POINT('',#3312);
#969=VERTEX_POINT('',#3316);
#970=VERTEX_POINT('',#3325);
#971=VERTEX_POINT('',#3329);
#972=VERTEX_POINT('',#3334);
#973=VERTEX_POINT('',#3336);
#974=VERTEX_POINT('',#3341);
#975=VERTEX_POINT('',#3350);
#976=VERTEX_POINT('',#3370);
#977=VERTEX_POINT('',#3377);
#978=VERTEX_POINT('',#3379);
#979=EDGE_CURVE('',#800,#801,#693,.T.);
#980=EDGE_CURVE('',#801,#800,#694,.T.);
#981=EDGE_CURVE('',#801,#802,#395,.T.);
#982=EDGE_CURVE('',#802,#803,#695,.T.);
#983=EDGE_CURVE('',#803,#802,#696,.T.);
#984=EDGE_CURVE('',#804,#805,#697,.T.);
#985=EDGE_CURVE('',#805,#804,#698,.T.);
#986=EDGE_CURVE('',#805,#806,#396,.T.);
#987=EDGE_CURVE('',#806,#807,#699,.T.);
#988=EDGE_CURVE('',#807,#806,#700,.T.);
#989=EDGE_CURVE('',#808,#809,#701,.T.);
#990=EDGE_CURVE('',#809,#808,#702,.T.);
#991=EDGE_CURVE('',#809,#810,#397,.T.);
#992=EDGE_CURVE('',#810,#810,#703,.T.);
#993=EDGE_CURVE('',#811,#812,#704,.T.);
#994=EDGE_CURVE('',#812,#811,#705,.T.);
#995=EDGE_CURVE('',#812,#813,#398,.T.);
#996=EDGE_CURVE('',#813,#813,#706,.T.);
#997=EDGE_CURVE('',#814,#815,#707,.T.);
#998=EDGE_CURVE('',#815,#814,#708,.T.);
#999=EDGE_CURVE('',#815,#816,#399,.T.);
#1000=EDGE_CURVE('',#816,#816,#709,.T.);
#1001=EDGE_CURVE('',#817,#818,#710,.T.);
#1002=EDGE_CURVE('',#818,#817,#711,.T.);
#1003=EDGE_CURVE('',#818,#819,#400,.T.);
#1004=EDGE_CURVE('',#819,#819,#712,.T.);
#1005=EDGE_CURVE('',#820,#821,#713,.T.);
#1006=EDGE_CURVE('',#821,#820,#714,.T.);
#1007=EDGE_CURVE('',#821,#822,#401,.T.);
#1008=EDGE_CURVE('',#822,#822,#715,.T.);
#1009=EDGE_CURVE('',#823,#823,#716,.T.);
#1010=EDGE_CURVE('',#823,#824,#402,.T.);
#1011=EDGE_CURVE('',#824,#825,#717,.T.);
#1012=EDGE_CURVE('',#825,#824,#718,.T.);
#1013=EDGE_CURVE('',#826,#827,#719,.T.);
#1014=EDGE_CURVE('',#828,#826,#403,.T.);
#1015=EDGE_CURVE('',#829,#828,#404,.T.);
#1016=EDGE_CURVE('',#830,#829,#405,.T.);
#1017=EDGE_CURVE('',#831,#830,#406,.T.);
#1018=EDGE_CURVE('',#832,#831,#407,.T.);
#1019=EDGE_CURVE('',#833,#832,#720,.T.);
#1020=EDGE_CURVE('',#834,#833,#408,.T.);
#1021=EDGE_CURVE('',#835,#834,#409,.T.);
#1022=EDGE_CURVE('',#836,#835,#410,.T.);
#1023=EDGE_CURVE('',#837,#836,#411,.T.);
#1024=EDGE_CURVE('',#838,#837,#412,.T.);
#1025=EDGE_CURVE('',#839,#838,#721,.T.);
#1026=EDGE_CURVE('',#840,#839,#413,.T.);
#1027=EDGE_CURVE('',#841,#840,#414,.T.);
#1028=EDGE_CURVE('',#842,#841,#415,.T.);
#1029=EDGE_CURVE('',#843,#842,#416,.T.);
#1030=EDGE_CURVE('',#844,#843,#417,.T.);
#1031=EDGE_CURVE('',#845,#844,#722,.T.);
#1032=EDGE_CURVE('',#846,#845,#418,.T.);
#1033=EDGE_CURVE('',#847,#846,#419,.T.);
#1034=EDGE_CURVE('',#848,#847,#420,.T.);
#1035=EDGE_CURVE('',#849,#848,#421,.T.);
#1036=EDGE_CURVE('',#827,#849,#422,.T.);
#1037=EDGE_CURVE('',#850,#850,#723,.T.);
#1038=EDGE_CURVE('',#851,#852,#724,.T.);
#1039=EDGE_CURVE('',#852,#851,#725,.T.);
#1040=EDGE_CURVE('',#852,#825,#423,.T.);
#1041=EDGE_CURVE('',#850,#853,#424,.T.);
#1042=EDGE_CURVE('',#853,#854,#726,.T.);
#1043=EDGE_CURVE('',#854,#853,#727,.T.);
#1044=EDGE_CURVE('',#855,#856,#728,.T.);
#1045=EDGE_CURVE('',#856,#855,#729,.T.);
#1046=EDGE_CURVE('',#856,#854,#425,.T.);
#1047=EDGE_CURVE('',#857,#857,#730,.T.);
#1048=EDGE_CURVE('',#857,#855,#426,.T.);
#1049=EDGE_CURVE('',#858,#858,#731,.T.);
#1050=EDGE_CURVE('',#858,#859,#427,.T.);
#1051=EDGE_CURVE('',#859,#859,#732,.T.);
#1052=EDGE_CURVE('',#859,#860,#428,.T.);
#1053=EDGE_CURVE('',#860,#860,#733,.T.);
#1054=EDGE_CURVE('',#861,#861,#734,.T.);
#1055=EDGE_CURVE('',#861,#851,#429,.T.);
#1056=EDGE_CURVE('',#862,#862,#735,.T.);
#1057=EDGE_CURVE('',#862,#863,#430,.T.);
#1058=EDGE_CURVE('',#863,#863,#736,.T.);
#1059=EDGE_CURVE('',#863,#864,#431,.T.);
#1060=EDGE_CURVE('',#864,#864,#737,.T.);
#1061=EDGE_CURVE('',#865,#866,#738,.T.);
#1062=EDGE_CURVE('',#866,#865,#739,.T.);
#1063=EDGE_CURVE('',#866,#867,#432,.T.);
#1064=EDGE_CURVE('',#867,#868,#740,.T.);
#1065=EDGE_CURVE('',#868,#867,#741,.T.);
#1066=EDGE_CURVE('',#869,#870,#742,.T.);
#1067=EDGE_CURVE('',#870,#869,#743,.T.);
#1068=EDGE_CURVE('',#870,#871,#433,.T.);
#1069=EDGE_CURVE('',#871,#872,#744,.T.);
#1070=EDGE_CURVE('',#872,#871,#745,.T.);
#1071=EDGE_CURVE('',#873,#874,#746,.T.);
#1072=EDGE_CURVE('',#874,#873,#747,.T.);
#1073=EDGE_CURVE('',#874,#875,#434,.T.);
#1074=EDGE_CURVE('',#875,#876,#748,.T.);
#1075=EDGE_CURVE('',#876,#875,#749,.T.);
#1076=EDGE_CURVE('',#877,#878,#750,.T.);
#1077=EDGE_CURVE('',#878,#877,#751,.T.);
#1078=EDGE_CURVE('',#878,#879,#435,.T.);
#1079=EDGE_CURVE('',#879,#880,#752,.T.);
#1080=EDGE_CURVE('',#880,#879,#753,.T.);
#1081=EDGE_CURVE('',#881,#881,#754,.T.);
#1082=EDGE_CURVE('',#881,#882,#436,.T.);
#1083=EDGE_CURVE('',#882,#882,#755,.T.);
#1084=EDGE_CURVE('',#883,#884,#437,.T.);
#1085=EDGE_CURVE('',#885,#883,#438,.T.);
#1086=EDGE_CURVE('',#886,#885,#439,.T.);
#1087=EDGE_CURVE('',#884,#886,#440,.T.);
#1088=EDGE_CURVE('',#887,#887,#756,.T.);
#1089=EDGE_CURVE('',#882,#888,#441,.T.);
#1090=EDGE_CURVE('',#888,#888,#757,.T.);
#1091=EDGE_CURVE('',#887,#889,#442,.T.);
#1092=EDGE_CURVE('',#889,#889,#758,.T.);
#1093=EDGE_CURVE('',#889,#890,#443,.T.);
#1094=EDGE_CURVE('',#890,#890,#759,.T.);
#1095=EDGE_CURVE('',#891,#891,#760,.T.);
#1096=EDGE_CURVE('',#891,#892,#444,.T.);
#1097=EDGE_CURVE('',#892,#893,#761,.T.);
#1098=EDGE_CURVE('',#893,#892,#762,.T.);
#1099=EDGE_CURVE('',#894,#895,#445,.T.);
#1100=EDGE_CURVE('',#896,#894,#446,.T.);
#1101=EDGE_CURVE('',#897,#896,#447,.T.);
#1102=EDGE_CURVE('',#895,#897,#448,.T.);
#1103=EDGE_CURVE('',#898,#898,#763,.T.);
#1104=EDGE_CURVE('',#893,#899,#449,.T.);
#1105=EDGE_CURVE('',#899,#900,#764,.T.);
#1106=EDGE_CURVE('',#900,#899,#765,.T.);
#1107=EDGE_CURVE('',#898,#901,#450,.T.);
#1108=EDGE_CURVE('',#901,#902,#766,.T.);
#1109=EDGE_CURVE('',#902,#901,#767,.T.);
#1110=EDGE_CURVE('',#902,#903,#451,.T.);
#1111=EDGE_CURVE('',#903,#904,#768,.T.);
#1112=EDGE_CURVE('',#904,#903,#769,.T.);
#1113=EDGE_CURVE('',#905,#905,#770,.T.);
#1114=EDGE_CURVE('',#905,#906,#452,.T.);
#1115=EDGE_CURVE('',#906,#906,#771,.T.);
#1116=EDGE_CURVE('',#907,#908,#453,.T.);
#1117=EDGE_CURVE('',#909,#907,#454,.T.);
#1118=EDGE_CURVE('',#910,#909,#455,.T.);
#1119=EDGE_CURVE('',#908,#910,#456,.T.);
#1120=EDGE_CURVE('',#911,#911,#772,.T.);
#1121=EDGE_CURVE('',#906,#912,#457,.T.);
#1122=EDGE_CURVE('',#912,#912,#773,.T.);
#1123=EDGE_CURVE('',#911,#913,#458,.T.);
#1124=EDGE_CURVE('',#913,#913,#774,.T.);
#1125=EDGE_CURVE('',#913,#914,#459,.T.);
#1126=EDGE_CURVE('',#914,#914,#775,.T.);
#1127=EDGE_CURVE('',#915,#915,#776,.T.);
#1128=EDGE_CURVE('',#915,#916,#460,.T.);
#1129=EDGE_CURVE('',#916,#917,#777,.T.);
#1130=EDGE_CURVE('',#917,#916,#778,.T.);
#1131=EDGE_CURVE('',#918,#919,#461,.T.);
#1132=EDGE_CURVE('',#920,#918,#462,.T.);
#1133=EDGE_CURVE('',#921,#920,#463,.T.);
#1134=EDGE_CURVE('',#919,#921,#464,.T.);
#1135=EDGE_CURVE('',#922,#922,#779,.T.);
#1136=EDGE_CURVE('',#917,#923,#465,.T.);
#1137=EDGE_CURVE('',#923,#924,#780,.T.);
#1138=EDGE_CURVE('',#924,#923,#781,.T.);
#1139=EDGE_CURVE('',#922,#925,#466,.T.);
#1140=EDGE_CURVE('',#925,#926,#782,.T.);
#1141=EDGE_CURVE('',#926,#925,#783,.T.);
#1142=EDGE_CURVE('',#926,#927,#467,.T.);
#1143=EDGE_CURVE('',#927,#928,#784,.T.);
#1144=EDGE_CURVE('',#928,#927,#785,.T.);
#1145=EDGE_CURVE('',#929,#930,#468,.T.);
#1146=EDGE_CURVE('',#930,#918,#15,.T.);
#1147=EDGE_CURVE('',#929,#919,#16,.T.);
#1148=EDGE_CURVE('',#921,#931,#17,.T.);
#1149=EDGE_CURVE('',#931,#929,#469,.T.);
#1150=EDGE_CURVE('',#920,#932,#18,.T.);
#1151=EDGE_CURVE('',#932,#931,#470,.T.);
#1152=EDGE_CURVE('',#930,#932,#471,.T.);
#1153=EDGE_CURVE('',#933,#930,#472,.T.);
#1154=EDGE_CURVE('',#934,#933,#473,.T.);
#1155=EDGE_CURVE('',#932,#934,#474,.T.);
#1156=EDGE_CURVE('',#929,#935,#475,.T.);
#1157=EDGE_CURVE('',#834,#935,#476,.T.);
#1158=EDGE_CURVE('',#936,#833,#477,.T.);
#1159=EDGE_CURVE('',#937,#936,#478,.T.);
#1160=EDGE_CURVE('',#838,#937,#479,.T.);
#1161=EDGE_CURVE('',#933,#837,#480,.T.);
#1162=EDGE_CURVE('',#895,#938,#19,.T.);
#1163=EDGE_CURVE('',#938,#939,#481,.T.);
#1164=EDGE_CURVE('',#894,#939,#20,.T.);
#1165=EDGE_CURVE('',#897,#940,#21,.T.);
#1166=EDGE_CURVE('',#940,#938,#482,.T.);
#1167=EDGE_CURVE('',#939,#941,#483,.T.);
#1168=EDGE_CURVE('',#941,#896,#22,.T.);
#1169=EDGE_CURVE('',#941,#940,#484,.T.);
#1170=EDGE_CURVE('',#939,#942,#485,.T.);
#1171=EDGE_CURVE('',#846,#942,#486,.T.);
#1172=EDGE_CURVE('',#943,#845,#487,.T.);
#1173=EDGE_CURVE('',#944,#943,#488,.T.);
#1174=EDGE_CURVE('',#827,#944,#489,.T.);
#1175=EDGE_CURVE('',#945,#849,#490,.T.);
#1176=EDGE_CURVE('',#945,#941,#491,.T.);
#1177=EDGE_CURVE('',#938,#946,#492,.T.);
#1178=EDGE_CURVE('',#942,#946,#493,.T.);
#1179=EDGE_CURVE('',#908,#947,#23,.T.);
#1180=EDGE_CURVE('',#947,#948,#494,.T.);
#1181=EDGE_CURVE('',#907,#948,#24,.T.);
#1182=EDGE_CURVE('',#910,#949,#25,.T.);
#1183=EDGE_CURVE('',#949,#947,#495,.T.);
#1184=EDGE_CURVE('',#909,#950,#26,.T.);
#1185=EDGE_CURVE('',#950,#949,#496,.T.);
#1186=EDGE_CURVE('',#948,#950,#497,.T.);
#1187=EDGE_CURVE('',#948,#951,#498,.T.);
#1188=EDGE_CURVE('',#952,#951,#499,.T.);
#1189=EDGE_CURVE('',#950,#952,#500,.T.);
#1190=EDGE_CURVE('',#953,#953,#786,.T.);
#1191=EDGE_CURVE('',#954,#954,#787,.T.);
#1192=EDGE_CURVE('',#947,#955,#501,.T.);
#1193=EDGE_CURVE('',#951,#955,#502,.T.);
#1194=EDGE_CURVE('',#884,#956,#27,.T.);
#1195=EDGE_CURVE('',#956,#957,#503,.T.);
#1196=EDGE_CURVE('',#883,#957,#28,.T.);
#1197=EDGE_CURVE('',#886,#958,#29,.T.);
#1198=EDGE_CURVE('',#958,#956,#504,.T.);
#1199=EDGE_CURVE('',#885,#959,#30,.T.);
#1200=EDGE_CURVE('',#959,#958,#505,.T.);
#1201=EDGE_CURVE('',#957,#959,#506,.T.);
#1202=EDGE_CURVE('',#957,#960,#507,.T.);
#1203=EDGE_CURVE('',#961,#960,#508,.T.);
#1204=EDGE_CURVE('',#959,#961,#509,.T.);
#1205=EDGE_CURVE('',#956,#962,#510,.T.);
#1206=EDGE_CURVE('',#840,#962,#511,.T.);
#1207=EDGE_CURVE('',#963,#839,#512,.T.);
#1208=EDGE_CURVE('',#964,#963,#513,.T.);
#1209=EDGE_CURVE('',#844,#964,#514,.T.);
#1210=EDGE_CURVE('',#960,#843,#515,.T.);
#1211=EDGE_CURVE('',#965,#966,#788,.T.);
#1212=EDGE_CURVE('',#966,#965,#789,.T.);
#1213=EDGE_CURVE('',#967,#968,#790,.T.);
#1214=EDGE_CURVE('',#968,#967,#791,.T.);
#1215=EDGE_CURVE('',#944,#969,#792,.T.);
#1216=EDGE_CURVE('',#969,#826,#516,.T.);
#1217=EDGE_CURVE('',#964,#943,#793,.T.);
#1218=EDGE_CURVE('',#937,#963,#794,.T.);
#1219=EDGE_CURVE('',#970,#936,#795,.T.);
#1220=EDGE_CURVE('',#832,#970,#517,.T.);
#1221=EDGE_CURVE('',#971,#949,#518,.T.);
#1222=EDGE_CURVE('',#828,#971,#519,.T.);
#1223=EDGE_CURVE('',#970,#969,#520,.T.);
#1224=EDGE_CURVE('',#955,#831,#521,.T.);
#1225=EDGE_CURVE('',#972,#972,#796,.T.);
#1226=EDGE_CURVE('',#973,#973,#797,.T.);
#1227=EDGE_CURVE('',#836,#934,#522,.T.);
#1228=EDGE_CURVE('',#974,#934,#523,.T.);
#1229=EDGE_CURVE('',#835,#974,#524,.T.);
#1230=EDGE_CURVE('',#935,#974,#525,.T.);
#1231=EDGE_CURVE('',#931,#974,#526,.T.);
#1232=EDGE_CURVE('',#975,#945,#527,.T.);
#1233=EDGE_CURVE('',#848,#975,#528,.T.);
#1234=EDGE_CURVE('',#946,#975,#529,.T.);
#1235=EDGE_CURVE('',#847,#946,#530,.T.);
#1236=EDGE_CURVE('',#940,#975,#531,.T.);
#1237=EDGE_CURVE('',#830,#951,#532,.T.);
#1238=EDGE_CURVE('',#829,#952,#533,.T.);
#1239=EDGE_CURVE('',#971,#952,#534,.T.);
#1240=EDGE_CURVE('',#842,#961,#535,.T.);
#1241=EDGE_CURVE('',#841,#976,#536,.T.);
#1242=EDGE_CURVE('',#976,#961,#537,.T.);
#1243=EDGE_CURVE('',#962,#976,#538,.T.);
#1244=EDGE_CURVE('',#976,#958,#539,.T.);
#1245=EDGE_CURVE('',#977,#977,#798,.T.);
#1246=EDGE_CURVE('',#978,#978,#799,.T.);
#1247=EDGE_CURVE('',#954,#973,#540,.T.);
#1248=EDGE_CURVE('',#953,#972,#541,.T.);
#1249=EDGE_CURVE('',#966,#978,#542,.T.);
#1250=EDGE_CURVE('',#968,#977,#543,.T.);
#1251=ORIENTED_EDGE('',*,*,#979,.F.);
#1252=ORIENTED_EDGE('',*,*,#980,.F.);
#1253=ORIENTED_EDGE('',*,*,#981,.T.);
#1254=ORIENTED_EDGE('',*,*,#982,.T.);
#1255=ORIENTED_EDGE('',*,*,#983,.T.);
#1256=ORIENTED_EDGE('',*,*,#981,.F.);
#1257=ORIENTED_EDGE('',*,*,#983,.F.);
#1258=ORIENTED_EDGE('',*,*,#982,.F.);
#1259=ORIENTED_EDGE('',*,*,#984,.F.);
#1260=ORIENTED_EDGE('',*,*,#985,.F.);
#1261=ORIENTED_EDGE('',*,*,#986,.T.);
#1262=ORIENTED_EDGE('',*,*,#987,.T.);
#1263=ORIENTED_EDGE('',*,*,#988,.T.);
#1264=ORIENTED_EDGE('',*,*,#986,.F.);
#1265=ORIENTED_EDGE('',*,*,#988,.F.);
#1266=ORIENTED_EDGE('',*,*,#987,.F.);
#1267=ORIENTED_EDGE('',*,*,#989,.F.);
#1268=ORIENTED_EDGE('',*,*,#990,.F.);
#1269=ORIENTED_EDGE('',*,*,#991,.T.);
#1270=ORIENTED_EDGE('',*,*,#992,.F.);
#1271=ORIENTED_EDGE('',*,*,#991,.F.);
#1272=ORIENTED_EDGE('',*,*,#993,.F.);
#1273=ORIENTED_EDGE('',*,*,#994,.F.);
#1274=ORIENTED_EDGE('',*,*,#995,.T.);
#1275=ORIENTED_EDGE('',*,*,#996,.F.);
#1276=ORIENTED_EDGE('',*,*,#995,.F.);
#1277=ORIENTED_EDGE('',*,*,#997,.F.);
#1278=ORIENTED_EDGE('',*,*,#998,.F.);
#1279=ORIENTED_EDGE('',*,*,#999,.T.);
#1280=ORIENTED_EDGE('',*,*,#1000,.F.);
#1281=ORIENTED_EDGE('',*,*,#999,.F.);
#1282=ORIENTED_EDGE('',*,*,#1001,.F.);
#1283=ORIENTED_EDGE('',*,*,#1002,.F.);
#1284=ORIENTED_EDGE('',*,*,#1003,.T.);
#1285=ORIENTED_EDGE('',*,*,#1004,.F.);
#1286=ORIENTED_EDGE('',*,*,#1003,.F.);
#1287=ORIENTED_EDGE('',*,*,#1005,.F.);
#1288=ORIENTED_EDGE('',*,*,#1006,.F.);
#1289=ORIENTED_EDGE('',*,*,#1007,.T.);
#1290=ORIENTED_EDGE('',*,*,#1008,.F.);
#1291=ORIENTED_EDGE('',*,*,#1007,.F.);
#1292=ORIENTED_EDGE('',*,*,#1009,.T.);
#1293=ORIENTED_EDGE('',*,*,#1010,.T.);
#1294=ORIENTED_EDGE('',*,*,#1011,.T.);
#1295=ORIENTED_EDGE('',*,*,#1012,.T.);
#1296=ORIENTED_EDGE('',*,*,#1010,.F.);
#1297=ORIENTED_EDGE('',*,*,#1013,.F.);
#1298=ORIENTED_EDGE('',*,*,#1014,.F.);
#1299=ORIENTED_EDGE('',*,*,#1015,.F.);
#1300=ORIENTED_EDGE('',*,*,#1016,.F.);
#1301=ORIENTED_EDGE('',*,*,#1017,.F.);
#1302=ORIENTED_EDGE('',*,*,#1018,.F.);
#1303=ORIENTED_EDGE('',*,*,#1019,.F.);
#1304=ORIENTED_EDGE('',*,*,#1020,.F.);
#1305=ORIENTED_EDGE('',*,*,#1021,.F.);
#1306=ORIENTED_EDGE('',*,*,#1022,.F.);
#1307=ORIENTED_EDGE('',*,*,#1023,.F.);
#1308=ORIENTED_EDGE('',*,*,#1024,.F.);
#1309=ORIENTED_EDGE('',*,*,#1025,.F.);
#1310=ORIENTED_EDGE('',*,*,#1026,.F.);
#1311=ORIENTED_EDGE('',*,*,#1027,.F.);
#1312=ORIENTED_EDGE('',*,*,#1028,.F.);
#1313=ORIENTED_EDGE('',*,*,#1029,.F.);
#1314=ORIENTED_EDGE('',*,*,#1030,.F.);
#1315=ORIENTED_EDGE('',*,*,#1031,.F.);
#1316=ORIENTED_EDGE('',*,*,#1032,.F.);
#1317=ORIENTED_EDGE('',*,*,#1033,.F.);
#1318=ORIENTED_EDGE('',*,*,#1034,.F.);
#1319=ORIENTED_EDGE('',*,*,#1035,.F.);
#1320=ORIENTED_EDGE('',*,*,#1036,.F.);
#1321=ORIENTED_EDGE('',*,*,#989,.T.);
#1322=ORIENTED_EDGE('',*,*,#990,.T.);
#1323=ORIENTED_EDGE('',*,*,#993,.T.);
#1324=ORIENTED_EDGE('',*,*,#994,.T.);
#1325=ORIENTED_EDGE('',*,*,#997,.T.);
#1326=ORIENTED_EDGE('',*,*,#998,.T.);
#1327=ORIENTED_EDGE('',*,*,#1001,.T.);
#1328=ORIENTED_EDGE('',*,*,#1002,.T.);
#1329=ORIENTED_EDGE('',*,*,#1005,.T.);
#1330=ORIENTED_EDGE('',*,*,#1006,.T.);
#1331=ORIENTED_EDGE('',*,*,#1037,.F.);
#1332=ORIENTED_EDGE('',*,*,#1009,.F.);
#1333=ORIENTED_EDGE('',*,*,#1038,.F.);
#1334=ORIENTED_EDGE('',*,*,#1039,.F.);
#1335=ORIENTED_EDGE('',*,*,#1040,.T.);
#1336=ORIENTED_EDGE('',*,*,#1011,.F.);
#1337=ORIENTED_EDGE('',*,*,#1012,.F.);
#1338=ORIENTED_EDGE('',*,*,#1040,.F.);
#1339=ORIENTED_EDGE('',*,*,#1037,.T.);
#1340=ORIENTED_EDGE('',*,*,#1041,.T.);
#1341=ORIENTED_EDGE('',*,*,#1042,.T.);
#1342=ORIENTED_EDGE('',*,*,#1043,.T.);
#1343=ORIENTED_EDGE('',*,*,#1041,.F.);
#1344=ORIENTED_EDGE('',*,*,#1044,.F.);
#1345=ORIENTED_EDGE('',*,*,#1045,.F.);
#1346=ORIENTED_EDGE('',*,*,#1046,.T.);
#1347=ORIENTED_EDGE('',*,*,#1042,.F.);
#1348=ORIENTED_EDGE('',*,*,#1043,.F.);
#1349=ORIENTED_EDGE('',*,*,#1046,.F.);
#1350=ORIENTED_EDGE('',*,*,#1047,.T.);
#1351=ORIENTED_EDGE('',*,*,#1048,.T.);
#1352=ORIENTED_EDGE('',*,*,#1044,.T.);
#1353=ORIENTED_EDGE('',*,*,#1045,.T.);
#1354=ORIENTED_EDGE('',*,*,#1048,.F.);
#1355=ORIENTED_EDGE('',*,*,#1047,.F.);
#1356=ORIENTED_EDGE('',*,*,#1049,.F.);
#1357=ORIENTED_EDGE('',*,*,#1049,.T.);
#1358=ORIENTED_EDGE('',*,*,#1050,.T.);
#1359=ORIENTED_EDGE('',*,*,#1051,.T.);
#1360=ORIENTED_EDGE('',*,*,#1050,.F.);
#1361=ORIENTED_EDGE('',*,*,#1051,.F.);
#1362=ORIENTED_EDGE('',*,*,#1052,.T.);
#1363=ORIENTED_EDGE('',*,*,#1053,.F.);
#1364=ORIENTED_EDGE('',*,*,#1052,.F.);
#1365=ORIENTED_EDGE('',*,*,#1054,.T.);
#1366=ORIENTED_EDGE('',*,*,#1055,.T.);
#1367=ORIENTED_EDGE('',*,*,#1038,.T.);
#1368=ORIENTED_EDGE('',*,*,#1039,.T.);
#1369=ORIENTED_EDGE('',*,*,#1055,.F.);
#1370=ORIENTED_EDGE('',*,*,#1054,.F.);
#1371=ORIENTED_EDGE('',*,*,#1056,.F.);
#1372=ORIENTED_EDGE('',*,*,#1056,.T.);
#1373=ORIENTED_EDGE('',*,*,#1057,.T.);
#1374=ORIENTED_EDGE('',*,*,#1058,.T.);
#1375=ORIENTED_EDGE('',*,*,#1057,.F.);
#1376=ORIENTED_EDGE('',*,*,#1058,.F.);
#1377=ORIENTED_EDGE('',*,*,#1059,.T.);
#1378=ORIENTED_EDGE('',*,*,#1060,.F.);
#1379=ORIENTED_EDGE('',*,*,#1059,.F.);
#1380=ORIENTED_EDGE('',*,*,#1053,.T.);
#1381=ORIENTED_EDGE('',*,*,#1061,.F.);
#1382=ORIENTED_EDGE('',*,*,#1062,.F.);
#1383=ORIENTED_EDGE('',*,*,#1063,.T.);
#1384=ORIENTED_EDGE('',*,*,#1064,.T.);
#1385=ORIENTED_EDGE('',*,*,#1065,.T.);
#1386=ORIENTED_EDGE('',*,*,#1063,.F.);
#1387=ORIENTED_EDGE('',*,*,#1065,.F.);
#1388=ORIENTED_EDGE('',*,*,#1064,.F.);
#1389=ORIENTED_EDGE('',*,*,#1066,.F.);
#1390=ORIENTED_EDGE('',*,*,#1067,.F.);
#1391=ORIENTED_EDGE('',*,*,#1068,.T.);
#1392=ORIENTED_EDGE('',*,*,#1069,.T.);
#1393=ORIENTED_EDGE('',*,*,#1070,.T.);
#1394=ORIENTED_EDGE('',*,*,#1068,.F.);
#1395=ORIENTED_EDGE('',*,*,#1070,.F.);
#1396=ORIENTED_EDGE('',*,*,#1069,.F.);
#1397=ORIENTED_EDGE('',*,*,#1071,.F.);
#1398=ORIENTED_EDGE('',*,*,#1072,.F.);
#1399=ORIENTED_EDGE('',*,*,#1073,.T.);
#1400=ORIENTED_EDGE('',*,*,#1074,.T.);
#1401=ORIENTED_EDGE('',*,*,#1075,.T.);
#1402=ORIENTED_EDGE('',*,*,#1073,.F.);
#1403=ORIENTED_EDGE('',*,*,#1075,.F.);
#1404=ORIENTED_EDGE('',*,*,#1074,.F.);
#1405=ORIENTED_EDGE('',*,*,#1076,.F.);
#1406=ORIENTED_EDGE('',*,*,#1077,.F.);
#1407=ORIENTED_EDGE('',*,*,#1078,.T.);
#1408=ORIENTED_EDGE('',*,*,#1079,.T.);
#1409=ORIENTED_EDGE('',*,*,#1080,.T.);
#1410=ORIENTED_EDGE('',*,*,#1078,.F.);
#1411=ORIENTED_EDGE('',*,*,#1080,.F.);
#1412=ORIENTED_EDGE('',*,*,#1079,.F.);
#1413=ORIENTED_EDGE('',*,*,#1081,.T.);
#1414=ORIENTED_EDGE('',*,*,#1082,.T.);
#1415=ORIENTED_EDGE('',*,*,#1083,.T.);
#1416=ORIENTED_EDGE('',*,*,#1082,.F.);
#1417=ORIENTED_EDGE('',*,*,#1084,.F.);
#1418=ORIENTED_EDGE('',*,*,#1085,.F.);
#1419=ORIENTED_EDGE('',*,*,#1086,.F.);
#1420=ORIENTED_EDGE('',*,*,#1087,.F.);
#1421=ORIENTED_EDGE('',*,*,#1088,.F.);
#1422=ORIENTED_EDGE('',*,*,#1081,.F.);
#1423=ORIENTED_EDGE('',*,*,#1083,.F.);
#1424=ORIENTED_EDGE('',*,*,#1089,.T.);
#1425=ORIENTED_EDGE('',*,*,#1090,.F.);
#1426=ORIENTED_EDGE('',*,*,#1089,.F.);
#1427=ORIENTED_EDGE('',*,*,#1088,.T.);
#1428=ORIENTED_EDGE('',*,*,#1091,.T.);
#1429=ORIENTED_EDGE('',*,*,#1092,.T.);
#1430=ORIENTED_EDGE('',*,*,#1091,.F.);
#1431=ORIENTED_EDGE('',*,*,#1092,.F.);
#1432=ORIENTED_EDGE('',*,*,#1093,.T.);
#1433=ORIENTED_EDGE('',*,*,#1094,.F.);
#1434=ORIENTED_EDGE('',*,*,#1093,.F.);
#1435=ORIENTED_EDGE('',*,*,#1095,.T.);
#1436=ORIENTED_EDGE('',*,*,#1096,.T.);
#1437=ORIENTED_EDGE('',*,*,#1097,.T.);
#1438=ORIENTED_EDGE('',*,*,#1098,.T.);
#1439=ORIENTED_EDGE('',*,*,#1096,.F.);
#1440=ORIENTED_EDGE('',*,*,#1099,.F.);
#1441=ORIENTED_EDGE('',*,*,#1100,.F.);
#1442=ORIENTED_EDGE('',*,*,#1101,.F.);
#1443=ORIENTED_EDGE('',*,*,#1102,.F.);
#1444=ORIENTED_EDGE('',*,*,#1103,.F.);
#1445=ORIENTED_EDGE('',*,*,#1095,.F.);
#1446=ORIENTED_EDGE('',*,*,#1097,.F.);
#1447=ORIENTED_EDGE('',*,*,#1098,.F.);
#1448=ORIENTED_EDGE('',*,*,#1104,.T.);
#1449=ORIENTED_EDGE('',*,*,#1105,.T.);
#1450=ORIENTED_EDGE('',*,*,#1106,.T.);
#1451=ORIENTED_EDGE('',*,*,#1104,.F.);
#1452=ORIENTED_EDGE('',*,*,#1103,.T.);
#1453=ORIENTED_EDGE('',*,*,#1107,.T.);
#1454=ORIENTED_EDGE('',*,*,#1108,.T.);
#1455=ORIENTED_EDGE('',*,*,#1109,.T.);
#1456=ORIENTED_EDGE('',*,*,#1107,.F.);
#1457=ORIENTED_EDGE('',*,*,#1108,.F.);
#1458=ORIENTED_EDGE('',*,*,#1109,.F.);
#1459=ORIENTED_EDGE('',*,*,#1110,.T.);
#1460=ORIENTED_EDGE('',*,*,#1111,.T.);
#1461=ORIENTED_EDGE('',*,*,#1112,.T.);
#1462=ORIENTED_EDGE('',*,*,#1110,.F.);
#1463=ORIENTED_EDGE('',*,*,#1113,.T.);
#1464=ORIENTED_EDGE('',*,*,#1114,.T.);
#1465=ORIENTED_EDGE('',*,*,#1115,.T.);
#1466=ORIENTED_EDGE('',*,*,#1114,.F.);
#1467=ORIENTED_EDGE('',*,*,#1116,.F.);
#1468=ORIENTED_EDGE('',*,*,#1117,.F.);
#1469=ORIENTED_EDGE('',*,*,#1118,.F.);
#1470=ORIENTED_EDGE('',*,*,#1119,.F.);
#1471=ORIENTED_EDGE('',*,*,#1120,.F.);
#1472=ORIENTED_EDGE('',*,*,#1113,.F.);
#1473=ORIENTED_EDGE('',*,*,#1115,.F.);
#1474=ORIENTED_EDGE('',*,*,#1121,.T.);
#1475=ORIENTED_EDGE('',*,*,#1122,.F.);
#1476=ORIENTED_EDGE('',*,*,#1121,.F.);
#1477=ORIENTED_EDGE('',*,*,#1120,.T.);
#1478=ORIENTED_EDGE('',*,*,#1123,.T.);
#1479=ORIENTED_EDGE('',*,*,#1124,.T.);
#1480=ORIENTED_EDGE('',*,*,#1123,.F.);
#1481=ORIENTED_EDGE('',*,*,#1124,.F.);
#1482=ORIENTED_EDGE('',*,*,#1125,.T.);
#1483=ORIENTED_EDGE('',*,*,#1126,.F.);
#1484=ORIENTED_EDGE('',*,*,#1125,.F.);
#1485=ORIENTED_EDGE('',*,*,#1127,.T.);
#1486=ORIENTED_EDGE('',*,*,#1128,.T.);
#1487=ORIENTED_EDGE('',*,*,#1129,.T.);
#1488=ORIENTED_EDGE('',*,*,#1130,.T.);
#1489=ORIENTED_EDGE('',*,*,#1128,.F.);
#1490=ORIENTED_EDGE('',*,*,#1131,.F.);
#1491=ORIENTED_EDGE('',*,*,#1132,.F.);
#1492=ORIENTED_EDGE('',*,*,#1133,.F.);
#1493=ORIENTED_EDGE('',*,*,#1134,.F.);
#1494=ORIENTED_EDGE('',*,*,#1135,.F.);
#1495=ORIENTED_EDGE('',*,*,#1127,.F.);
#1496=ORIENTED_EDGE('',*,*,#1129,.F.);
#1497=ORIENTED_EDGE('',*,*,#1130,.F.);
#1498=ORIENTED_EDGE('',*,*,#1136,.T.);
#1499=ORIENTED_EDGE('',*,*,#1137,.T.);
#1500=ORIENTED_EDGE('',*,*,#1138,.T.);
#1501=ORIENTED_EDGE('',*,*,#1136,.F.);
#1502=ORIENTED_EDGE('',*,*,#1135,.T.);
#1503=ORIENTED_EDGE('',*,*,#1139,.T.);
#1504=ORIENTED_EDGE('',*,*,#1140,.T.);
#1505=ORIENTED_EDGE('',*,*,#1141,.T.);
#1506=ORIENTED_EDGE('',*,*,#1139,.F.);
#1507=ORIENTED_EDGE('',*,*,#1140,.F.);
#1508=ORIENTED_EDGE('',*,*,#1141,.F.);
#1509=ORIENTED_EDGE('',*,*,#1142,.T.);
#1510=ORIENTED_EDGE('',*,*,#1143,.T.);
#1511=ORIENTED_EDGE('',*,*,#1144,.T.);
#1512=ORIENTED_EDGE('',*,*,#1142,.F.);
#1513=ORIENTED_EDGE('',*,*,#1145,.T.);
#1514=ORIENTED_EDGE('',*,*,#1146,.T.);
#1515=ORIENTED_EDGE('',*,*,#1131,.T.);
#1516=ORIENTED_EDGE('',*,*,#1147,.F.);
#1517=ORIENTED_EDGE('',*,*,#1134,.T.);
#1518=ORIENTED_EDGE('',*,*,#1148,.T.);
#1519=ORIENTED_EDGE('',*,*,#1149,.T.);
#1520=ORIENTED_EDGE('',*,*,#1147,.T.);
#1521=ORIENTED_EDGE('',*,*,#1133,.T.);
#1522=ORIENTED_EDGE('',*,*,#1150,.T.);
#1523=ORIENTED_EDGE('',*,*,#1151,.T.);
#1524=ORIENTED_EDGE('',*,*,#1148,.F.);
#1525=ORIENTED_EDGE('',*,*,#1152,.T.);
#1526=ORIENTED_EDGE('',*,*,#1150,.F.);
#1527=ORIENTED_EDGE('',*,*,#1132,.T.);
#1528=ORIENTED_EDGE('',*,*,#1146,.F.);
#1529=ORIENTED_EDGE('',*,*,#1152,.F.);
#1530=ORIENTED_EDGE('',*,*,#1153,.F.);
#1531=ORIENTED_EDGE('',*,*,#1154,.F.);
#1532=ORIENTED_EDGE('',*,*,#1155,.F.);
#1533=ORIENTED_EDGE('',*,*,#1145,.F.);
#1534=ORIENTED_EDGE('',*,*,#1156,.T.);
#1535=ORIENTED_EDGE('',*,*,#1157,.F.);
#1536=ORIENTED_EDGE('',*,*,#1020,.T.);
#1537=ORIENTED_EDGE('',*,*,#1158,.F.);
#1538=ORIENTED_EDGE('',*,*,#1159,.F.);
#1539=ORIENTED_EDGE('',*,*,#1160,.F.);
#1540=ORIENTED_EDGE('',*,*,#1024,.T.);
#1541=ORIENTED_EDGE('',*,*,#1161,.F.);
#1542=ORIENTED_EDGE('',*,*,#1153,.T.);
#1543=ORIENTED_EDGE('',*,*,#1099,.T.);
#1544=ORIENTED_EDGE('',*,*,#1162,.T.);
#1545=ORIENTED_EDGE('',*,*,#1163,.T.);
#1546=ORIENTED_EDGE('',*,*,#1164,.F.);
#1547=ORIENTED_EDGE('',*,*,#1102,.T.);
#1548=ORIENTED_EDGE('',*,*,#1165,.T.);
#1549=ORIENTED_EDGE('',*,*,#1166,.T.);
#1550=ORIENTED_EDGE('',*,*,#1162,.F.);
#1551=ORIENTED_EDGE('',*,*,#1167,.T.);
#1552=ORIENTED_EDGE('',*,*,#1168,.T.);
#1553=ORIENTED_EDGE('',*,*,#1100,.T.);
#1554=ORIENTED_EDGE('',*,*,#1164,.T.);
#1555=ORIENTED_EDGE('',*,*,#1101,.T.);
#1556=ORIENTED_EDGE('',*,*,#1168,.F.);
#1557=ORIENTED_EDGE('',*,*,#1169,.T.);
#1558=ORIENTED_EDGE('',*,*,#1165,.F.);
#1559=ORIENTED_EDGE('',*,*,#1167,.F.);
#1560=ORIENTED_EDGE('',*,*,#1170,.T.);
#1561=ORIENTED_EDGE('',*,*,#1171,.F.);
#1562=ORIENTED_EDGE('',*,*,#1032,.T.);
#1563=ORIENTED_EDGE('',*,*,#1172,.F.);
#1564=ORIENTED_EDGE('',*,*,#1173,.F.);
#1565=ORIENTED_EDGE('',*,*,#1174,.F.);
#1566=ORIENTED_EDGE('',*,*,#1036,.T.);
#1567=ORIENTED_EDGE('',*,*,#1175,.F.);
#1568=ORIENTED_EDGE('',*,*,#1176,.T.);
#1569=ORIENTED_EDGE('',*,*,#1163,.F.);
#1570=ORIENTED_EDGE('',*,*,#1177,.T.);
#1571=ORIENTED_EDGE('',*,*,#1178,.F.);
#1572=ORIENTED_EDGE('',*,*,#1170,.F.);
#1573=ORIENTED_EDGE('',*,*,#1116,.T.);
#1574=ORIENTED_EDGE('',*,*,#1179,.T.);
#1575=ORIENTED_EDGE('',*,*,#1180,.T.);
#1576=ORIENTED_EDGE('',*,*,#1181,.F.);
#1577=ORIENTED_EDGE('',*,*,#1119,.T.);
#1578=ORIENTED_EDGE('',*,*,#1182,.T.);
#1579=ORIENTED_EDGE('',*,*,#1183,.T.);
#1580=ORIENTED_EDGE('',*,*,#1179,.F.);
#1581=ORIENTED_EDGE('',*,*,#1118,.T.);
#1582=ORIENTED_EDGE('',*,*,#1184,.T.);
#1583=ORIENTED_EDGE('',*,*,#1185,.T.);
#1584=ORIENTED_EDGE('',*,*,#1182,.F.);
#1585=ORIENTED_EDGE('',*,*,#1186,.T.);
#1586=ORIENTED_EDGE('',*,*,#1184,.F.);
#1587=ORIENTED_EDGE('',*,*,#1117,.T.);
#1588=ORIENTED_EDGE('',*,*,#1181,.T.);
#1589=ORIENTED_EDGE('',*,*,#1186,.F.);
#1590=ORIENTED_EDGE('',*,*,#1187,.T.);
#1591=ORIENTED_EDGE('',*,*,#1188,.F.);
#1592=ORIENTED_EDGE('',*,*,#1189,.F.);
#1593=ORIENTED_EDGE('',*,*,#1190,.T.);
#1594=ORIENTED_EDGE('',*,*,#1191,.T.);
#1595=ORIENTED_EDGE('',*,*,#1180,.F.);
#1596=ORIENTED_EDGE('',*,*,#1192,.T.);
#1597=ORIENTED_EDGE('',*,*,#1193,.F.);
#1598=ORIENTED_EDGE('',*,*,#1187,.F.);
#1599=ORIENTED_EDGE('',*,*,#1066,.T.);
#1600=ORIENTED_EDGE('',*,*,#1067,.T.);
#1601=ORIENTED_EDGE('',*,*,#1076,.T.);
#1602=ORIENTED_EDGE('',*,*,#1077,.T.);
#1603=ORIENTED_EDGE('',*,*,#1084,.T.);
#1604=ORIENTED_EDGE('',*,*,#1194,.T.);
#1605=ORIENTED_EDGE('',*,*,#1195,.T.);
#1606=ORIENTED_EDGE('',*,*,#1196,.F.);
#1607=ORIENTED_EDGE('',*,*,#1087,.T.);
#1608=ORIENTED_EDGE('',*,*,#1197,.T.);
#1609=ORIENTED_EDGE('',*,*,#1198,.T.);
#1610=ORIENTED_EDGE('',*,*,#1194,.F.);
#1611=ORIENTED_EDGE('',*,*,#1086,.T.);
#1612=ORIENTED_EDGE('',*,*,#1199,.T.);
#1613=ORIENTED_EDGE('',*,*,#1200,.T.);
#1614=ORIENTED_EDGE('',*,*,#1197,.F.);
#1615=ORIENTED_EDGE('',*,*,#1201,.T.);
#1616=ORIENTED_EDGE('',*,*,#1199,.F.);
#1617=ORIENTED_EDGE('',*,*,#1085,.T.);
#1618=ORIENTED_EDGE('',*,*,#1196,.T.);
#1619=ORIENTED_EDGE('',*,*,#1201,.F.);
#1620=ORIENTED_EDGE('',*,*,#1202,.T.);
#1621=ORIENTED_EDGE('',*,*,#1203,.F.);
#1622=ORIENTED_EDGE('',*,*,#1204,.F.);
#1623=ORIENTED_EDGE('',*,*,#1195,.F.);
#1624=ORIENTED_EDGE('',*,*,#1205,.T.);
#1625=ORIENTED_EDGE('',*,*,#1206,.F.);
#1626=ORIENTED_EDGE('',*,*,#1026,.T.);
#1627=ORIENTED_EDGE('',*,*,#1207,.F.);
#1628=ORIENTED_EDGE('',*,*,#1208,.F.);
#1629=ORIENTED_EDGE('',*,*,#1209,.F.);
#1630=ORIENTED_EDGE('',*,*,#1030,.T.);
#1631=ORIENTED_EDGE('',*,*,#1210,.F.);
#1632=ORIENTED_EDGE('',*,*,#1202,.F.);
#1633=ORIENTED_EDGE('',*,*,#979,.T.);
#1634=ORIENTED_EDGE('',*,*,#980,.T.);
#1635=ORIENTED_EDGE('',*,*,#984,.T.);
#1636=ORIENTED_EDGE('',*,*,#985,.T.);
#1637=ORIENTED_EDGE('',*,*,#1211,.T.);
#1638=ORIENTED_EDGE('',*,*,#1212,.T.);
#1639=ORIENTED_EDGE('',*,*,#1213,.T.);
#1640=ORIENTED_EDGE('',*,*,#1214,.T.);
#1641=ORIENTED_EDGE('',*,*,#1215,.T.);
#1642=ORIENTED_EDGE('',*,*,#1216,.T.);
#1643=ORIENTED_EDGE('',*,*,#1013,.T.);
#1644=ORIENTED_EDGE('',*,*,#1174,.T.);
#1645=ORIENTED_EDGE('',*,*,#1060,.T.);
#1646=ORIENTED_EDGE('',*,*,#1217,.T.);
#1647=ORIENTED_EDGE('',*,*,#1172,.T.);
#1648=ORIENTED_EDGE('',*,*,#1031,.T.);
#1649=ORIENTED_EDGE('',*,*,#1209,.T.);
#1650=ORIENTED_EDGE('',*,*,#1218,.T.);
#1651=ORIENTED_EDGE('',*,*,#1207,.T.);
#1652=ORIENTED_EDGE('',*,*,#1025,.T.);
#1653=ORIENTED_EDGE('',*,*,#1160,.T.);
#1654=ORIENTED_EDGE('',*,*,#1219,.T.);
#1655=ORIENTED_EDGE('',*,*,#1158,.T.);
#1656=ORIENTED_EDGE('',*,*,#1019,.T.);
#1657=ORIENTED_EDGE('',*,*,#1220,.T.);
#1658=ORIENTED_EDGE('',*,*,#1183,.F.);
#1659=ORIENTED_EDGE('',*,*,#1221,.F.);
#1660=ORIENTED_EDGE('',*,*,#1222,.F.);
#1661=ORIENTED_EDGE('',*,*,#1014,.T.);
#1662=ORIENTED_EDGE('',*,*,#1216,.F.);
#1663=ORIENTED_EDGE('',*,*,#1223,.F.);
#1664=ORIENTED_EDGE('',*,*,#1220,.F.);
#1665=ORIENTED_EDGE('',*,*,#1018,.T.);
#1666=ORIENTED_EDGE('',*,*,#1224,.F.);
#1667=ORIENTED_EDGE('',*,*,#1192,.F.);
#1668=ORIENTED_EDGE('',*,*,#1225,.T.);
#1669=ORIENTED_EDGE('',*,*,#1226,.T.);
#1670=ORIENTED_EDGE('',*,*,#1154,.T.);
#1671=ORIENTED_EDGE('',*,*,#1161,.T.);
#1672=ORIENTED_EDGE('',*,*,#1023,.T.);
#1673=ORIENTED_EDGE('',*,*,#1227,.T.);
#1674=ORIENTED_EDGE('',*,*,#1228,.T.);
#1675=ORIENTED_EDGE('',*,*,#1227,.F.);
#1676=ORIENTED_EDGE('',*,*,#1022,.T.);
#1677=ORIENTED_EDGE('',*,*,#1229,.T.);
#1678=ORIENTED_EDGE('',*,*,#1021,.T.);
#1679=ORIENTED_EDGE('',*,*,#1157,.T.);
#1680=ORIENTED_EDGE('',*,*,#1230,.T.);
#1681=ORIENTED_EDGE('',*,*,#1229,.F.);
#1682=ORIENTED_EDGE('',*,*,#1151,.F.);
#1683=ORIENTED_EDGE('',*,*,#1155,.T.);
#1684=ORIENTED_EDGE('',*,*,#1228,.F.);
#1685=ORIENTED_EDGE('',*,*,#1231,.F.);
#1686=ORIENTED_EDGE('',*,*,#1149,.F.);
#1687=ORIENTED_EDGE('',*,*,#1231,.T.);
#1688=ORIENTED_EDGE('',*,*,#1230,.F.);
#1689=ORIENTED_EDGE('',*,*,#1156,.F.);
#1690=ORIENTED_EDGE('',*,*,#1232,.T.);
#1691=ORIENTED_EDGE('',*,*,#1175,.T.);
#1692=ORIENTED_EDGE('',*,*,#1035,.T.);
#1693=ORIENTED_EDGE('',*,*,#1233,.T.);
#1694=ORIENTED_EDGE('',*,*,#1234,.T.);
#1695=ORIENTED_EDGE('',*,*,#1233,.F.);
#1696=ORIENTED_EDGE('',*,*,#1034,.T.);
#1697=ORIENTED_EDGE('',*,*,#1235,.T.);
#1698=ORIENTED_EDGE('',*,*,#1033,.T.);
#1699=ORIENTED_EDGE('',*,*,#1171,.T.);
#1700=ORIENTED_EDGE('',*,*,#1178,.T.);
#1701=ORIENTED_EDGE('',*,*,#1235,.F.);
#1702=ORIENTED_EDGE('',*,*,#1169,.F.);
#1703=ORIENTED_EDGE('',*,*,#1176,.F.);
#1704=ORIENTED_EDGE('',*,*,#1232,.F.);
#1705=ORIENTED_EDGE('',*,*,#1236,.F.);
#1706=ORIENTED_EDGE('',*,*,#1166,.F.);
#1707=ORIENTED_EDGE('',*,*,#1236,.T.);
#1708=ORIENTED_EDGE('',*,*,#1234,.F.);
#1709=ORIENTED_EDGE('',*,*,#1177,.F.);
#1710=ORIENTED_EDGE('',*,*,#1193,.T.);
#1711=ORIENTED_EDGE('',*,*,#1224,.T.);
#1712=ORIENTED_EDGE('',*,*,#1017,.T.);
#1713=ORIENTED_EDGE('',*,*,#1237,.T.);
#1714=ORIENTED_EDGE('',*,*,#1188,.T.);
#1715=ORIENTED_EDGE('',*,*,#1237,.F.);
#1716=ORIENTED_EDGE('',*,*,#1016,.T.);
#1717=ORIENTED_EDGE('',*,*,#1238,.T.);
#1718=ORIENTED_EDGE('',*,*,#1015,.T.);
#1719=ORIENTED_EDGE('',*,*,#1222,.T.);
#1720=ORIENTED_EDGE('',*,*,#1239,.T.);
#1721=ORIENTED_EDGE('',*,*,#1238,.F.);
#1722=ORIENTED_EDGE('',*,*,#1185,.F.);
#1723=ORIENTED_EDGE('',*,*,#1189,.T.);
#1724=ORIENTED_EDGE('',*,*,#1239,.F.);
#1725=ORIENTED_EDGE('',*,*,#1221,.T.);
#1726=ORIENTED_EDGE('',*,*,#1203,.T.);
#1727=ORIENTED_EDGE('',*,*,#1210,.T.);
#1728=ORIENTED_EDGE('',*,*,#1029,.T.);
#1729=ORIENTED_EDGE('',*,*,#1240,.T.);
#1730=ORIENTED_EDGE('',*,*,#1028,.T.);
#1731=ORIENTED_EDGE('',*,*,#1241,.T.);
#1732=ORIENTED_EDGE('',*,*,#1242,.T.);
#1733=ORIENTED_EDGE('',*,*,#1240,.F.);
#1734=ORIENTED_EDGE('',*,*,#1027,.T.);
#1735=ORIENTED_EDGE('',*,*,#1206,.T.);
#1736=ORIENTED_EDGE('',*,*,#1243,.T.);
#1737=ORIENTED_EDGE('',*,*,#1241,.F.);
#1738=ORIENTED_EDGE('',*,*,#1200,.F.);
#1739=ORIENTED_EDGE('',*,*,#1204,.T.);
#1740=ORIENTED_EDGE('',*,*,#1242,.F.);
#1741=ORIENTED_EDGE('',*,*,#1244,.T.);
#1742=ORIENTED_EDGE('',*,*,#1245,.T.);
#1743=ORIENTED_EDGE('',*,*,#1246,.T.);
#1744=ORIENTED_EDGE('',*,*,#1198,.F.);
#1745=ORIENTED_EDGE('',*,*,#1244,.F.);
#1746=ORIENTED_EDGE('',*,*,#1243,.F.);
#1747=ORIENTED_EDGE('',*,*,#1205,.F.);
#1748=ORIENTED_EDGE('',*,*,#1061,.T.);
#1749=ORIENTED_EDGE('',*,*,#1062,.T.);
#1750=ORIENTED_EDGE('',*,*,#1071,.T.);
#1751=ORIENTED_EDGE('',*,*,#1072,.T.);
#1752=ORIENTED_EDGE('',*,*,#1138,.F.);
#1753=ORIENTED_EDGE('',*,*,#1137,.F.);
#1754=ORIENTED_EDGE('',*,*,#1106,.F.);
#1755=ORIENTED_EDGE('',*,*,#1105,.F.);
#1756=ORIENTED_EDGE('',*,*,#1144,.F.);
#1757=ORIENTED_EDGE('',*,*,#1143,.F.);
#1758=ORIENTED_EDGE('',*,*,#1112,.F.);
#1759=ORIENTED_EDGE('',*,*,#1111,.F.);
#1760=ORIENTED_EDGE('',*,*,#1215,.F.);
#1761=ORIENTED_EDGE('',*,*,#1173,.T.);
#1762=ORIENTED_EDGE('',*,*,#1217,.F.);
#1763=ORIENTED_EDGE('',*,*,#1208,.T.);
#1764=ORIENTED_EDGE('',*,*,#1218,.F.);
#1765=ORIENTED_EDGE('',*,*,#1159,.T.);
#1766=ORIENTED_EDGE('',*,*,#1219,.F.);
#1767=ORIENTED_EDGE('',*,*,#1223,.T.);
#1768=ORIENTED_EDGE('',*,*,#992,.T.);
#1769=ORIENTED_EDGE('',*,*,#996,.T.);
#1770=ORIENTED_EDGE('',*,*,#1000,.T.);
#1771=ORIENTED_EDGE('',*,*,#1004,.T.);
#1772=ORIENTED_EDGE('',*,*,#1008,.T.);
#1773=ORIENTED_EDGE('',*,*,#1126,.T.);
#1774=ORIENTED_EDGE('',*,*,#1122,.T.);
#1775=ORIENTED_EDGE('',*,*,#1191,.F.);
#1776=ORIENTED_EDGE('',*,*,#1247,.T.);
#1777=ORIENTED_EDGE('',*,*,#1226,.F.);
#1778=ORIENTED_EDGE('',*,*,#1247,.F.);
#1779=ORIENTED_EDGE('',*,*,#1190,.F.);
#1780=ORIENTED_EDGE('',*,*,#1248,.T.);
#1781=ORIENTED_EDGE('',*,*,#1225,.F.);
#1782=ORIENTED_EDGE('',*,*,#1248,.F.);
#1783=ORIENTED_EDGE('',*,*,#1211,.F.);
#1784=ORIENTED_EDGE('',*,*,#1212,.F.);
#1785=ORIENTED_EDGE('',*,*,#1249,.T.);
#1786=ORIENTED_EDGE('',*,*,#1246,.F.);
#1787=ORIENTED_EDGE('',*,*,#1249,.F.);
#1788=ORIENTED_EDGE('',*,*,#1213,.F.);
#1789=ORIENTED_EDGE('',*,*,#1214,.F.);
#1790=ORIENTED_EDGE('',*,*,#1250,.T.);
#1791=ORIENTED_EDGE('',*,*,#1245,.F.);
#1792=ORIENTED_EDGE('',*,*,#1250,.F.);
#1793=ORIENTED_EDGE('',*,*,#1094,.T.);
#1794=ORIENTED_EDGE('',*,*,#1090,.T.);
#1795=CYLINDRICAL_SURFACE('',#1975,0.900000000000001);
#1796=CYLINDRICAL_SURFACE('',#1981,0.9);
#1797=CYLINDRICAL_SURFACE('',#1987,0.900000000000016);
#1798=CYLINDRICAL_SURFACE('',#1991,0.900000000000016);
#1799=CYLINDRICAL_SURFACE('',#1995,0.900000000000016);
#1800=CYLINDRICAL_SURFACE('',#1999,0.900000000000016);
#1801=CYLINDRICAL_SURFACE('',#2003,0.899999999999998);
#1802=CYLINDRICAL_SURFACE('',#2017,4.5);
#1803=CYLINDRICAL_SURFACE('',#2023,4.5);
#1804=CYLINDRICAL_SURFACE('',#2032,1.4);
#1805=CYLINDRICAL_SURFACE('',#2040,1.4);
#1806=CYLINDRICAL_SURFACE('',#2043,0.899999999999981);
#1807=CYLINDRICAL_SURFACE('',#2049,0.900000000000001);
#1808=CYLINDRICAL_SURFACE('',#2055,0.899999999999999);
#1809=CYLINDRICAL_SURFACE('',#2061,0.9);
#1810=CYLINDRICAL_SURFACE('',#2072,1.);
#1811=CYLINDRICAL_SURFACE('',#2076,1.);
#1812=CYLINDRICAL_SURFACE('',#2084,0.900000000000005);
#1813=CYLINDRICAL_SURFACE('',#2090,0.900000000000003);
#1814=CYLINDRICAL_SURFACE('',#2098,1.);
#1815=CYLINDRICAL_SURFACE('',#2102,1.);
#1816=CYLINDRICAL_SURFACE('',#2110,0.900000000000008);
#1817=CYLINDRICAL_SURFACE('',#2116,0.900000000000004);
#1818=CYLINDRICAL_SURFACE('',#2119,1.);
#1819=CYLINDRICAL_SURFACE('',#2122,1.);
#1820=CYLINDRICAL_SURFACE('',#2124,1.);
#1821=CYLINDRICAL_SURFACE('',#2126,1.);
#1822=CYLINDRICAL_SURFACE('',#2129,1.);
#1823=CYLINDRICAL_SURFACE('',#2132,1.);
#1824=CYLINDRICAL_SURFACE('',#2134,1.);
#1825=CYLINDRICAL_SURFACE('',#2136,1.);
#1826=CYLINDRICAL_SURFACE('',#2139,1.);
#1827=CYLINDRICAL_SURFACE('',#2142,1.);
#1828=CYLINDRICAL_SURFACE('',#2144,1.);
#1829=CYLINDRICAL_SURFACE('',#2146,1.);
#1830=CYLINDRICAL_SURFACE('',#2151,1.);
#1831=CYLINDRICAL_SURFACE('',#2154,1.);
#1832=CYLINDRICAL_SURFACE('',#2156,1.);
#1833=CYLINDRICAL_SURFACE('',#2158,1.);
#1834=CYLINDRICAL_SURFACE('',#2165,5.);
#1835=CYLINDRICAL_SURFACE('',#2168,5.);
#1836=CYLINDRICAL_SURFACE('',#2170,5.);
#1837=CYLINDRICAL_SURFACE('',#2172,5.);
#1838=CYLINDRICAL_SURFACE('',#2205,1.4);
#1839=CYLINDRICAL_SURFACE('',#2206,1.4);
#1840=CYLINDRICAL_SURFACE('',#2207,1.4);
#1841=CYLINDRICAL_SURFACE('',#2208,1.4);
#1842=ADVANCED_FACE('',(#133),#1795,.F.);
#1843=ADVANCED_FACE('',(#134),#81,.T.);
#1844=ADVANCED_FACE('',(#135),#1796,.F.);
#1845=ADVANCED_FACE('',(#136),#82,.T.);
#1846=ADVANCED_FACE('',(#137),#1797,.F.);
#1847=ADVANCED_FACE('',(#138),#1798,.F.);
#1848=ADVANCED_FACE('',(#139),#1799,.F.);
#1849=ADVANCED_FACE('',(#140),#1800,.F.);
#1850=ADVANCED_FACE('',(#141),#1801,.F.);
#1851=ADVANCED_FACE('',(#142),#67,.T.);
#1852=ADVANCED_FACE('',(#143,#31,#32,#33,#34,#35,#36,#37),#83,.F.);
#1853=ADVANCED_FACE('',(#144),#1802,.T.);
#1854=ADVANCED_FACE('',(#145),#68,.T.);
#1855=ADVANCED_FACE('',(#146),#1803,.T.);
#1856=ADVANCED_FACE('',(#147),#69,.T.);
#1857=ADVANCED_FACE('',(#148,#38),#84,.T.);
#1858=ADVANCED_FACE('',(#149),#70,.F.);
#1859=ADVANCED_FACE('',(#150),#1804,.F.);
#1860=ADVANCED_FACE('',(#151),#71,.T.);
#1861=ADVANCED_FACE('',(#152,#39),#85,.T.);
#1862=ADVANCED_FACE('',(#153),#72,.F.);
#1863=ADVANCED_FACE('',(#154),#1805,.F.);
#1864=ADVANCED_FACE('',(#155),#86,.F.);
#1865=ADVANCED_FACE('',(#156),#1806,.F.);
#1866=ADVANCED_FACE('',(#157),#87,.T.);
#1867=ADVANCED_FACE('',(#158),#1807,.F.);
#1868=ADVANCED_FACE('',(#159),#88,.T.);
#1869=ADVANCED_FACE('',(#160),#1808,.F.);
#1870=ADVANCED_FACE('',(#161),#89,.T.);
#1871=ADVANCED_FACE('',(#162),#1809,.F.);
#1872=ADVANCED_FACE('',(#163),#90,.T.);
#1873=ADVANCED_FACE('',(#164),#73,.F.);
#1874=ADVANCED_FACE('',(#165,#40,#41),#91,.F.);
#1875=ADVANCED_FACE('',(#166),#1810,.F.);
#1876=ADVANCED_FACE('',(#167),#74,.F.);
#1877=ADVANCED_FACE('',(#168),#1811,.F.);
#1878=ADVANCED_FACE('',(#169),#75,.F.);
#1879=ADVANCED_FACE('',(#170,#42,#43),#92,.F.);
#1880=ADVANCED_FACE('',(#171),#1812,.F.);
#1881=ADVANCED_FACE('',(#172),#76,.F.);
#1882=ADVANCED_FACE('',(#173),#1813,.F.);
#1883=ADVANCED_FACE('',(#174),#77,.F.);
#1884=ADVANCED_FACE('',(#175,#44,#45),#93,.F.);
#1885=ADVANCED_FACE('',(#176),#1814,.F.);
#1886=ADVANCED_FACE('',(#177),#78,.F.);
#1887=ADVANCED_FACE('',(#178),#1815,.F.);
#1888=ADVANCED_FACE('',(#179),#79,.F.);
#1889=ADVANCED_FACE('',(#180,#46,#47),#94,.F.);
#1890=ADVANCED_FACE('',(#181),#1816,.F.);
#1891=ADVANCED_FACE('',(#182),#80,.F.);
#1892=ADVANCED_FACE('',(#183),#1817,.F.);
#1893=ADVANCED_FACE('',(#184),#1818,.T.);
#1894=ADVANCED_FACE('',(#185),#1819,.T.);
#1895=ADVANCED_FACE('',(#186),#1820,.T.);
#1896=ADVANCED_FACE('',(#187),#1821,.T.);
#1897=ADVANCED_FACE('',(#188),#95,.F.);
#1898=ADVANCED_FACE('',(#189),#96,.T.);
#1899=ADVANCED_FACE('',(#190),#1822,.T.);
#1900=ADVANCED_FACE('',(#191),#1823,.T.);
#1901=ADVANCED_FACE('',(#192),#1824,.T.);
#1902=ADVANCED_FACE('',(#193),#1825,.T.);
#1903=ADVANCED_FACE('',(#194),#97,.T.);
#1904=ADVANCED_FACE('',(#195),#98,.F.);
#1905=ADVANCED_FACE('',(#196),#1826,.T.);
#1906=ADVANCED_FACE('',(#197),#1827,.T.);
#1907=ADVANCED_FACE('',(#198),#1828,.T.);
#1908=ADVANCED_FACE('',(#199),#1829,.T.);
#1909=ADVANCED_FACE('',(#200,#48,#49),#99,.T.);
#1910=ADVANCED_FACE('',(#201,#50,#51),#100,.T.);
#1911=ADVANCED_FACE('',(#202),#1830,.T.);
#1912=ADVANCED_FACE('',(#203),#1831,.T.);
#1913=ADVANCED_FACE('',(#204),#1832,.T.);
#1914=ADVANCED_FACE('',(#205),#1833,.T.);
#1915=ADVANCED_FACE('',(#206),#101,.T.);
#1916=ADVANCED_FACE('',(#207,#52,#53,#54,#55),#102,.T.);
#1917=ADVANCED_FACE('',(#208),#1834,.T.);
#1918=ADVANCED_FACE('',(#209),#103,.F.);
#1919=ADVANCED_FACE('',(#210),#1835,.T.);
#1920=ADVANCED_FACE('',(#211),#1836,.T.);
#1921=ADVANCED_FACE('',(#212),#1837,.T.);
#1922=ADVANCED_FACE('',(#213,#56,#57),#104,.T.);
#1923=ADVANCED_FACE('',(#214),#105,.T.);
#1924=ADVANCED_FACE('',(#215),#106,.T.);
#1925=ADVANCED_FACE('',(#216),#107,.T.);
#1926=ADVANCED_FACE('',(#217),#108,.F.);
#1927=ADVANCED_FACE('',(#218),#109,.F.);
#1928=ADVANCED_FACE('',(#219),#110,.T.);
#1929=ADVANCED_FACE('',(#220),#111,.T.);
#1930=ADVANCED_FACE('',(#221),#112,.T.);
#1931=ADVANCED_FACE('',(#222),#113,.F.);
#1932=ADVANCED_FACE('',(#223),#114,.F.);
#1933=ADVANCED_FACE('',(#224),#115,.T.);
#1934=ADVANCED_FACE('',(#225),#116,.T.);
#1935=ADVANCED_FACE('',(#226),#117,.T.);
#1936=ADVANCED_FACE('',(#227),#118,.T.);
#1937=ADVANCED_FACE('',(#228),#119,.T.);
#1938=ADVANCED_FACE('',(#229),#120,.T.);
#1939=ADVANCED_FACE('',(#230),#121,.T.);
#1940=ADVANCED_FACE('',(#231,#58,#59),#122,.T.);
#1941=ADVANCED_FACE('',(#232,#60,#61),#123,.T.);
#1942=ADVANCED_FACE('',(#233),#124,.F.);
#1943=ADVANCED_FACE('',(#234),#125,.F.);
#1944=ADVANCED_FACE('',(#235),#126,.F.);
#1945=ADVANCED_FACE('',(#236),#127,.F.);
#1946=ADVANCED_FACE('',(#237,#62,#63,#64,#65,#66),#128,.T.);
#1947=ADVANCED_FACE('',(#238),#129,.F.);
#1948=ADVANCED_FACE('',(#239),#130,.F.);
#1949=ADVANCED_FACE('',(#240),#1838,.F.);
#1950=ADVANCED_FACE('',(#241),#1839,.F.);
#1951=ADVANCED_FACE('',(#242),#1840,.F.);
#1952=ADVANCED_FACE('',(#243),#1841,.F.);
#1953=ADVANCED_FACE('',(#244),#131,.F.);
#1954=ADVANCED_FACE('',(#245),#132,.F.);
#1955=CLOSED_SHELL('',(#1842,#1843,#1844,#1845,#1846,#1847,#1848,#1849,
#1850,#1851,#1852,#1853,#1854,#1855,#1856,#1857,#1858,#1859,#1860,#1861,
#1862,#1863,#1864,#1865,#1866,#1867,#1868,#1869,#1870,#1871,#1872,#1873,
#1874,#1875,#1876,#1877,#1878,#1879,#1880,#1881,#1882,#1883,#1884,#1885,
#1886,#1887,#1888,#1889,#1890,#1891,#1892,#1893,#1894,#1895,#1896,#1897,
#1898,#1899,#1900,#1901,#1902,#1903,#1904,#1905,#1906,#1907,#1908,#1909,
#1910,#1911,#1912,#1913,#1914,#1915,#1916,#1917,#1918,#1919,#1920,#1921,
#1922,#1923,#1924,#1925,#1926,#1927,#1928,#1929,#1930,#1931,#1932,#1933,
#1934,#1935,#1936,#1937,#1938,#1939,#1940,#1941,#1942,#1943,#1944,#1945,
#1946,#1947,#1948,#1949,#1950,#1951,#1952,#1953,#1954));
#1956=DERIVED_UNIT_ELEMENT(#1958,1.);
#1957=DERIVED_UNIT_ELEMENT(#3404,3.);
#1958=(
MASS_UNIT()
NAMED_UNIT(*)
SI_UNIT($,.GRAM.)
);
#1959=DERIVED_UNIT((#1956,#1957));
#1960=MEASURE_REPRESENTATION_ITEM('density measure',
POSITIVE_RATIO_MEASURE(7.15),#1959);
#1961=PROPERTY_DEFINITION_REPRESENTATION(#1966,#1963);
#1962=PROPERTY_DEFINITION_REPRESENTATION(#1967,#1964);
#1963=REPRESENTATION('material name',(#1965),#3401);
#1964=REPRESENTATION('density',(#1960),#3401);
#1965=DESCRIPTIVE_REPRESENTATION_ITEM('Iron, Gray','Iron, Gray');
#1966=PROPERTY_DEFINITION('material property','material name',#3411);
#1967=PROPERTY_DEFINITION('material property','density of part',#3411);
#1968=DATE_TIME_ROLE('creation_date');
#1969=APPLIED_DATE_AND_TIME_ASSIGNMENT(#1970,#1968,(#3411));
#1970=DATE_AND_TIME(#1971,#1972);
#1971=CALENDAR_DATE(2026,10,7);
#1972=LOCAL_TIME(6,25,21.,#1973);
#1973=COORDINATED_UNIVERSAL_TIME_OFFSET(0,0,.BEHIND.);
#1974=AXIS2_PLACEMENT_3D('placement',#2834,#2211,#2212);
#1975=AXIS2_PLACEMENT_3D('',#2835,#2213,#2214);
#1976=AXIS2_PLACEMENT_3D('',#2838,#2215,#2216);
#1977=AXIS2_PLACEMENT_3D('',#2839,#2217,#2218);
#1978=AXIS2_PLACEMENT_3D('',#2843,#2220,#2221);
#1979=AXIS2_PLACEMENT_3D('',#2844,#2222,#2223);
#1980=AXIS2_PLACEMENT_3D('',#2845,#2224,#2225);
#1981=AXIS2_PLACEMENT_3D('',#2846,#2226,#2227);
#1982=AXIS2_PLACEMENT_3D('',#2849,#2228,#2229);
#1983=AXIS2_PLACEMENT_3D('',#2850,#2230,#2231);
#1984=AXIS2_PLACEMENT_3D('',#2854,#2233,#2234);
#1985=AXIS2_PLACEMENT_3D('',#2855,#2235,#2236);
#1986=AXIS2_PLACEMENT_3D('',#2856,#2237,#2238);
#1987=AXIS2_PLACEMENT_3D('',#2857,#2239,#2240);
#1988=AXIS2_PLACEMENT_3D('',#2860,#2241,#2242);
#1989=AXIS2_PLACEMENT_3D('',#2861,#2243,#2244);
#1990=AXIS2_PLACEMENT_3D('',#2864,#2246,#2247);
#1991=AXIS2_PLACEMENT_3D('',#2865,#2248,#2249);
#1992=AXIS2_PLACEMENT_3D('',#2868,#2250,#2251);
#1993=AXIS2_PLACEMENT_3D('',#2869,#2252,#2253);
#1994=AXIS2_PLACEMENT_3D('',#2872,#2255,#2256);
#1995=AXIS2_PLACEMENT_3D('',#2873,#2257,#2258);
#1996=AXIS2_PLACEMENT_3D('',#2876,#2259,#2260);
#1997=AXIS2_PLACEMENT_3D('',#2877,#2261,#2262);
#1998=AXIS2_PLACEMENT_3D('',#2880,#2264,#2265);
#1999=AXIS2_PLACEMENT_3D('',#2881,#2266,#2267);
#2000=AXIS2_PLACEMENT_3D('',#2884,#2268,#2269);
#2001=AXIS2_PLACEMENT_3D('',#2885,#2270,#2271);
#2002=AXIS2_PLACEMENT_3D('',#2888,#2273,#2274);
#2003=AXIS2_PLACEMENT_3D('',#2889,#2275,#2276);
#2004=AXIS2_PLACEMENT_3D('',#2892,#2277,#2278);
#2005=AXIS2_PLACEMENT_3D('',#2893,#2279,#2280);
#2006=AXIS2_PLACEMENT_3D('',#2896,#2282,#2283);
#2007=AXIS2_PLACEMENT_3D('',#2897,#2284,#2285);
#2008=AXIS2_PLACEMENT_3D('',#2899,#2286,#2287);
#2009=AXIS2_PLACEMENT_3D('',#2903,#2289,#2290);
#2010=AXIS2_PLACEMENT_3D('',#2904,#2291,#2292);
#2011=AXIS2_PLACEMENT_3D('',#2905,#2293,#2294);
#2012=AXIS2_PLACEMENT_3D('',#2908,#2295,#2296);
#2013=AXIS2_PLACEMENT_3D('',#2920,#2302,#2303);
#2014=AXIS2_PLACEMENT_3D('',#2932,#2309,#2310);
#2015=AXIS2_PLACEMENT_3D('',#2944,#2316,#2317);
#2016=AXIS2_PLACEMENT_3D('',#2955,#2323,#2324);
#2017=AXIS2_PLACEMENT_3D('',#2956,#2325,#2326);
#2018=AXIS2_PLACEMENT_3D('',#2959,#2327,#2328);
#2019=AXIS2_PLACEMENT_3D('',#2960,#2329,#2330);
#2020=AXIS2_PLACEMENT_3D('',#2962,#2332,#2333);
#2021=AXIS2_PLACEMENT_3D('',#2966,#2335,#2336);
#2022=AXIS2_PLACEMENT_3D('',#2967,#2337,#2338);
#2023=AXIS2_PLACEMENT_3D('',#2968,#2339,#2340);
#2024=AXIS2_PLACEMENT_3D('',#2971,#2341,#2342);
#2025=AXIS2_PLACEMENT_3D('',#2972,#2343,#2344);
#2026=AXIS2_PLACEMENT_3D('',#2974,#2346,#2347);
#2027=AXIS2_PLACEMENT_3D('',#2976,#2348,#2349);
#2028=AXIS2_PLACEMENT_3D('',#2978,#2351,#2352);
#2029=AXIS2_PLACEMENT_3D('',#2980,#2353,#2354);
#2030=AXIS2_PLACEMENT_3D('',#2981,#2355,#2356);
#2031=AXIS2_PLACEMENT_3D('',#2984,#2358,#2359);
#2032=AXIS2_PLACEMENT_3D('',#2985,#2360,#2361);
#2033=AXIS2_PLACEMENT_3D('',#2988,#2363,#2364);
#2034=AXIS2_PLACEMENT_3D('',#2989,#2365,#2366);
#2035=AXIS2_PLACEMENT_3D('',#2991,#2367,#2368);
#2036=AXIS2_PLACEMENT_3D('',#2993,#2370,#2371);
#2037=AXIS2_PLACEMENT_3D('',#2995,#2372,#2373);
#2038=AXIS2_PLACEMENT_3D('',#2996,#2374,#2375);
#2039=AXIS2_PLACEMENT_3D('',#2999,#2377,#2378);
#2040=AXIS2_PLACEMENT_3D('',#3000,#2379,#2380);
#2041=AXIS2_PLACEMENT_3D('',#3003,#2382,#2383);
#2042=AXIS2_PLACEMENT_3D('',#3004,#2384,#2385);
#2043=AXIS2_PLACEMENT_3D('',#3005,#2386,#2387);
#2044=AXIS2_PLACEMENT_3D('',#3008,#2388,#2389);
#2045=AXIS2_PLACEMENT_3D('',#3009,#2390,#2391);
#2046=AXIS2_PLACEMENT_3D('',#3013,#2393,#2394);
#2047=AXIS2_PLACEMENT_3D('',#3014,#2395,#2396);
#2048=AXIS2_PLACEMENT_3D('',#3015,#2397,#2398);
#2049=AXIS2_PLACEMENT_3D('',#3016,#2399,#2400);
#2050=AXIS2_PLACEMENT_3D('',#3019,#2401,#2402);
#2051=AXIS2_PLACEMENT_3D('',#3020,#2403,#2404);
#2052=AXIS2_PLACEMENT_3D('',#3024,#2406,#2407);
#2053=AXIS2_PLACEMENT_3D('',#3025,#2408,#2409);
#2054=AXIS2_PLACEMENT_3D('',#3026,#2410,#2411);
#2055=AXIS2_PLACEMENT_3D('',#3027,#2412,#2413);
#2056=AXIS2_PLACEMENT_3D('',#3030,#2414,#2415);
#2057=AXIS2_PLACEMENT_3D('',#3031,#2416,#2417);
#2058=AXIS2_PLACEMENT_3D('',#3035,#2419,#2420);
#2059=AXIS2_PLACEMENT_3D('',#3036,#2421,#2422);
#2060=AXIS2_PLACEMENT_3D('',#3037,#2423,#2424);
#2061=AXIS2_PLACEMENT_3D('',#3038,#2425,#2426);
#2062=AXIS2_PLACEMENT_3D('',#3041,#2427,#2428);
#2063=AXIS2_PLACEMENT_3D('',#3042,#2429,#2430);
#2064=AXIS2_PLACEMENT_3D('',#3046,#2432,#2433);
#2065=AXIS2_PLACEMENT_3D('',#3047,#2434,#2435);
#2066=AXIS2_PLACEMENT_3D('',#3048,#2436,#2437);
#2067=AXIS2_PLACEMENT_3D('',#3049,#2438,#2439);
#2068=AXIS2_PLACEMENT_3D('',#3051,#2440,#2441);
#2069=AXIS2_PLACEMENT_3D('',#3054,#2443,#2444);
#2070=AXIS2_PLACEMENT_3D('',#3055,#2445,#2446);
#2071=AXIS2_PLACEMENT_3D('',#3065,#2451,#2452);
#2072=AXIS2_PLACEMENT_3D('',#3066,#2453,#2454);
#2073=AXIS2_PLACEMENT_3D('',#3069,#2456,#2457);
#2074=AXIS2_PLACEMENT_3D('',#3070,#2458,#2459);
#2075=AXIS2_PLACEMENT_3D('',#3073,#2461,#2462);
#2076=AXIS2_PLACEMENT_3D('',#3074,#2463,#2464);
#2077=AXIS2_PLACEMENT_3D('',#3077,#2466,#2467);
#2078=AXIS2_PLACEMENT_3D('',#3078,#2468,#2469);
#2079=AXIS2_PLACEMENT_3D('',#3080,#2470,#2471);
#2080=AXIS2_PLACEMENT_3D('',#3084,#2473,#2474);
#2081=AXIS2_PLACEMENT_3D('',#3085,#2475,#2476);
#2082=AXIS2_PLACEMENT_3D('',#3086,#2477,#2478);
#2083=AXIS2_PLACEMENT_3D('',#3096,#2483,#2484);
#2084=AXIS2_PLACEMENT_3D('',#3097,#2485,#2486);
#2085=AXIS2_PLACEMENT_3D('',#3101,#2488,#2489);
#2086=AXIS2_PLACEMENT_3D('',#3102,#2490,#2491);
#2087=AXIS2_PLACEMENT_3D('',#3103,#2492,#2493);
#2088=AXIS2_PLACEMENT_3D('',#3107,#2495,#2496);
#2089=AXIS2_PLACEMENT_3D('',#3108,#2497,#2498);
#2090=AXIS2_PLACEMENT_3D('',#3109,#2499,#2500);
#2091=AXIS2_PLACEMENT_3D('',#3113,#2502,#2503);
#2092=AXIS2_PLACEMENT_3D('',#3114,#2504,#2505);
#2093=AXIS2_PLACEMENT_3D('',#3115,#2506,#2507);
#2094=AXIS2_PLACEMENT_3D('',#3117,#2508,#2509);
#2095=AXIS2_PLACEMENT_3D('',#3120,#2511,#2512);
#2096=AXIS2_PLACEMENT_3D('',#3121,#2513,#2514);
#2097=AXIS2_PLACEMENT_3D('',#3131,#2519,#2520);
#2098=AXIS2_PLACEMENT_3D('',#3132,#2521,#2522);
#2099=AXIS2_PLACEMENT_3D('',#3135,#2524,#2525);
#2100=AXIS2_PLACEMENT_3D('',#3136,#2526,#2527);
#2101=AXIS2_PLACEMENT_3D('',#3139,#2529,#2530);
#2102=AXIS2_PLACEMENT_3D('',#3140,#2531,#2532);
#2103=AXIS2_PLACEMENT_3D('',#3143,#2534,#2535);
#2104=AXIS2_PLACEMENT_3D('',#3144,#2536,#2537);
#2105=AXIS2_PLACEMENT_3D('',#3146,#2538,#2539);
#2106=AXIS2_PLACEMENT_3D('',#3150,#2541,#2542);
#2107=AXIS2_PLACEMENT_3D('',#3151,#2543,#2544);
#2108=AXIS2_PLACEMENT_3D('',#3152,#2545,#2546);
#2109=AXIS2_PLACEMENT_3D('',#3162,#2551,#2552);
#2110=AXIS2_PLACEMENT_3D('',#3163,#2553,#2554);
#2111=AXIS2_PLACEMENT_3D('',#3167,#2556,#2557);
#2112=AXIS2_PLACEMENT_3D('',#3168,#2558,#2559);
#2113=AXIS2_PLACEMENT_3D('',#3169,#2560,#2561);
#2114=AXIS2_PLACEMENT_3D('',#3173,#2563,#2564);
#2115=AXIS2_PLACEMENT_3D('',#3174,#2565,#2566);
#2116=AXIS2_PLACEMENT_3D('',#3175,#2567,#2568);
#2117=AXIS2_PLACEMENT_3D('',#3179,#2570,#2571);
#2118=AXIS2_PLACEMENT_3D('',#3180,#2572,#2573);
#2119=AXIS2_PLACEMENT_3D('',#3181,#2574,#2575);
#2120=AXIS2_PLACEMENT_3D('',#3185,#2577,#2578);
#2121=AXIS2_PLACEMENT_3D('',#3186,#2579,#2580);
#2122=AXIS2_PLACEMENT_3D('',#3187,#2581,#2582);
#2123=AXIS2_PLACEMENT_3D('',#3189,#2583,#2584);
#2124=AXIS2_PLACEMENT_3D('',#3191,#2586,#2587);
#2125=AXIS2_PLACEMENT_3D('',#3193,#2588,#2589);
#2126=AXIS2_PLACEMENT_3D('',#3195,#2591,#2592);
#2127=AXIS2_PLACEMENT_3D('',#3197,#2594,#2595);
#2128=AXIS2_PLACEMENT_3D('',#3203,#2599,#2600);
#2129=AXIS2_PLACEMENT_3D('',#3213,#2607,#2608);
#2130=AXIS2_PLACEMENT_3D('',#3215,#2609,#2610);
#2131=AXIS2_PLACEMENT_3D('',#3218,#2612,#2613);
#2132=AXIS2_PLACEMENT_3D('',#3219,#2614,#2615);
#2133=AXIS2_PLACEMENT_3D('',#3221,#2616,#2617);
#2134=AXIS2_PLACEMENT_3D('',#3223,#2619,#2620);
#2135=AXIS2_PLACEMENT_3D('',#3226,#2622,#2623);
#2136=AXIS2_PLACEMENT_3D('',#3227,#2624,#2625);
#2137=AXIS2_PLACEMENT_3D('',#3229,#2627,#2628);
#2138=AXIS2_PLACEMENT_3D('',#3241,#2636,#2637);
#2139=AXIS2_PLACEMENT_3D('',#3245,#2640,#2641);
#2140=AXIS2_PLACEMENT_3D('',#3247,#2642,#2643);
#2141=AXIS2_PLACEMENT_3D('',#3250,#2645,#2646);
#2142=AXIS2_PLACEMENT_3D('',#3251,#2647,#2648);
#2143=AXIS2_PLACEMENT_3D('',#3253,#2649,#2650);
#2144=AXIS2_PLACEMENT_3D('',#3255,#2652,#2653);
#2145=AXIS2_PLACEMENT_3D('',#3257,#2654,#2655);
#2146=AXIS2_PLACEMENT_3D('',#3259,#2657,#2658);
#2147=AXIS2_PLACEMENT_3D('',#3261,#2660,#2661);
#2148=AXIS2_PLACEMENT_3D('',#3268,#2665,#2666);
#2149=AXIS2_PLACEMENT_3D('',#3270,#2667,#2668);
#2150=AXIS2_PLACEMENT_3D('',#3271,#2669,#2670);
#2151=AXIS2_PLACEMENT_3D('',#3275,#2673,#2674);
#2152=AXIS2_PLACEMENT_3D('',#3277,#2675,#2676);
#2153=AXIS2_PLACEMENT_3D('',#3280,#2678,#2679);
#2154=AXIS2_PLACEMENT_3D('',#3281,#2680,#2681);
#2155=AXIS2_PLACEMENT_3D('',#3283,#2682,#2683);
#2156=AXIS2_PLACEMENT_3D('',#3285,#2685,#2686);
#2157=AXIS2_PLACEMENT_3D('',#3287,#2687,#2688);
#2158=AXIS2_PLACEMENT_3D('',#3289,#2690,#2691);
#2159=AXIS2_PLACEMENT_3D('',#3291,#2693,#2694);
#2160=AXIS2_PLACEMENT_3D('',#3297,#2698,#2699);
#2161=AXIS2_PLACEMENT_3D('',#3309,#2706,#2707);
#2162=AXIS2_PLACEMENT_3D('',#3310,#2708,#2709);
#2163=AXIS2_PLACEMENT_3D('',#3313,#2710,#2711);
#2164=AXIS2_PLACEMENT_3D('',#3314,#2712,#2713);
#2165=AXIS2_PLACEMENT_3D('',#3315,#2714,#2715);
#2166=AXIS2_PLACEMENT_3D('',#3317,#2716,#2717);
#2167=AXIS2_PLACEMENT_3D('',#3319,#2719,#2720);
#2168=AXIS2_PLACEMENT_3D('',#3320,#2721,#2722);
#2169=AXIS2_PLACEMENT_3D('',#3321,#2723,#2724);
#2170=AXIS2_PLACEMENT_3D('',#3322,#2725,#2726);
#2171=AXIS2_PLACEMENT_3D('',#3323,#2727,#2728);
#2172=AXIS2_PLACEMENT_3D('',#3324,#2729,#2730);
#2173=AXIS2_PLACEMENT_3D('',#3326,#2731,#2732);
#2174=AXIS2_PLACEMENT_3D('',#3328,#2734,#2735);
#2175=AXIS2_PLACEMENT_3D('',#3335,#2740,#2741);
#2176=AXIS2_PLACEMENT_3D('',#3337,#2742,#2743);
#2177=AXIS2_PLACEMENT_3D('',#3338,#2744,#2745);
#2178=AXIS2_PLACEMENT_3D('',#3340,#2747,#2748);
#2179=AXIS2_PLACEMENT_3D('',#3344,#2751,#2752);
#2180=AXIS2_PLACEMENT_3D('',#3346,#2754,#2755);
#2181=AXIS2_PLACEMENT_3D('',#3348,#2757,#2758);
#2182=AXIS2_PLACEMENT_3D('',#3349,#2759,#2760);
#2183=AXIS2_PLACEMENT_3D('',#3353,#2763,#2764);
#2184=AXIS2_PLACEMENT_3D('',#3356,#2767,#2768);
#2185=AXIS2_PLACEMENT_3D('',#3357,#2769,#2770);
#2186=AXIS2_PLACEMENT_3D('',#3359,#2772,#2773);
#2187=AXIS2_PLACEMENT_3D('',#3360,#2774,#2775);
#2188=AXIS2_PLACEMENT_3D('',#3362,#2777,#2778);
#2189=AXIS2_PLACEMENT_3D('',#3364,#2780,#2781);
#2190=AXIS2_PLACEMENT_3D('',#3366,#2783,#2784);
#2191=AXIS2_PLACEMENT_3D('',#3367,#2785,#2786);
#2192=AXIS2_PLACEMENT_3D('',#3369,#2788,#2789);
#2193=AXIS2_PLACEMENT_3D('',#3373,#2792,#2793);
#2194=AXIS2_PLACEMENT_3D('',#3375,#2795,#2796);
#2195=AXIS2_PLACEMENT_3D('',#3378,#2798,#2799);
#2196=AXIS2_PLACEMENT_3D('',#3380,#2800,#2801);
#2197=AXIS2_PLACEMENT_3D('',#3381,#2802,#2803);
#2198=AXIS2_PLACEMENT_3D('',#3382,#2804,#2805);
#2199=AXIS2_PLACEMENT_3D('',#3383,#2806,#2807);
#2200=AXIS2_PLACEMENT_3D('',#3384,#2808,#2809);
#2201=AXIS2_PLACEMENT_3D('',#3385,#2810,#2811);
#2202=AXIS2_PLACEMENT_3D('',#3386,#2812,#2813);
#2203=AXIS2_PLACEMENT_3D('',#3387,#2814,#2815);
#2204=AXIS2_PLACEMENT_3D('',#3388,#2816,#2817);
#2205=AXIS2_PLACEMENT_3D('',#3389,#2818,#2819);
#2206=AXIS2_PLACEMENT_3D('',#3391,#2821,#2822);
#2207=AXIS2_PLACEMENT_3D('',#3393,#2824,#2825);
#2208=AXIS2_PLACEMENT_3D('',#3395,#2827,#2828);
#2209=AXIS2_PLACEMENT_3D('',#3397,#2830,#2831);
#2210=AXIS2_PLACEMENT_3D('',#3398,#2832,#2833);
#2211=DIRECTION('axis',(0.,0.,1.));
#2212=DIRECTION('refdir',(1.,0.,0.));
#2213=DIRECTION('center_axis',(-1.,0.,0.));
#2214=DIRECTION('ref_axis',(0.,0.,-1.));
#2215=DIRECTION('center_axis',(-1.,0.,0.));
#2216=DIRECTION('ref_axis',(0.,0.,-1.));
#2217=DIRECTION('center_axis',(-1.,0.,0.));
#2218=DIRECTION('ref_axis',(0.,0.,-1.));
#2219=DIRECTION('',(-1.,0.,0.));
#2220=DIRECTION('center_axis',(-1.,0.,0.));
#2221=DIRECTION('ref_axis',(0.,0.,-1.));
#2222=DIRECTION('center_axis',(-1.,0.,0.));
#2223=DIRECTION('ref_axis',(0.,0.,-1.));
#2224=DIRECTION('center_axis',(1.,0.,0.));
#2225=DIRECTION('ref_axis',(0.,0.,-1.));
#2226=DIRECTION('center_axis',(-1.,0.,0.));
#2227=DIRECTION('ref_axis',(0.,0.,-1.));
#2228=DIRECTION('center_axis',(-1.,0.,0.));
#2229=DIRECTION('ref_axis',(0.,0.,-1.));
#2230=DIRECTION('center_axis',(-1.,0.,0.));
#2231=DIRECTION('ref_axis',(0.,0.,-1.));
#2232=DIRECTION('',(-1.,0.,0.));
#2233=DIRECTION('center_axis',(-1.,0.,0.));
#2234=DIRECTION('ref_axis',(0.,0.,-1.));
#2235=DIRECTION('center_axis',(-1.,0.,0.));
#2236=DIRECTION('ref_axis',(0.,0.,-1.));
#2237=DIRECTION('center_axis',(1.,0.,0.));
#2238=DIRECTION('ref_axis',(0.,0.,-1.));
#2239=DIRECTION('center_axis',(0.,0.,1.));
#2240=DIRECTION('ref_axis',(-1.,0.,0.));
#2241=DIRECTION('center_axis',(0.,0.,1.));
#2242=DIRECTION('ref_axis',(-1.,0.,0.));
#2243=DIRECTION('center_axis',(0.,0.,1.));
#2244=DIRECTION('ref_axis',(-1.,0.,0.));
#2245=DIRECTION('',(0.,0.,1.));
#2246=DIRECTION('center_axis',(0.,0.,-1.));
#2247=DIRECTION('ref_axis',(-1.,0.,0.));
#2248=DIRECTION('center_axis',(0.,0.,1.));
#2249=DIRECTION('ref_axis',(-1.,0.,0.));
#2250=DIRECTION('center_axis',(0.,0.,1.));
#2251=DIRECTION('ref_axis',(-1.,0.,0.));
#2252=DIRECTION('center_axis',(0.,0.,1.));
#2253=DIRECTION('ref_axis',(-1.,0.,0.));
#2254=DIRECTION('',(0.,0.,1.));
#2255=DIRECTION('center_axis',(0.,0.,-1.));
#2256=DIRECTION('ref_axis',(-1.,0.,0.));
#2257=DIRECTION('center_axis',(0.,0.,1.));
#2258=DIRECTION('ref_axis',(-1.,0.,0.));
#2259=DIRECTION('center_axis',(0.,0.,1.));
#2260=DIRECTION('ref_axis',(-1.,0.,0.));
#2261=DIRECTION('center_axis',(0.,0.,1.));
#2262=DIRECTION('ref_axis',(-1.,0.,0.));
#2263=DIRECTION('',(0.,0.,1.));
#2264=DIRECTION('center_axis',(0.,0.,-1.));
#2265=DIRECTION('ref_axis',(-1.,0.,0.));
#2266=DIRECTION('center_axis',(0.,0.,1.));
#2267=DIRECTION('ref_axis',(-1.,0.,0.));
#2268=DIRECTION('center_axis',(0.,0.,1.));
#2269=DIRECTION('ref_axis',(-1.,0.,0.));
#2270=DIRECTION('center_axis',(0.,0.,1.));
#2271=DIRECTION('ref_axis',(-1.,0.,0.));
#2272=DIRECTION('',(0.,0.,1.));
#2273=DIRECTION('center_axis',(0.,0.,-1.));
#2274=DIRECTION('ref_axis',(-1.,0.,0.));
#2275=DIRECTION('center_axis',(0.,0.,1.));
#2276=DIRECTION('ref_axis',(-1.,0.,0.));
#2277=DIRECTION('center_axis',(0.,0.,1.));
#2278=DIRECTION('ref_axis',(-1.,0.,0.));
#2279=DIRECTION('center_axis',(0.,0.,1.));
#2280=DIRECTION('ref_axis',(-1.,0.,0.));
#2281=DIRECTION('',(0.,0.,1.));
#2282=DIRECTION('center_axis',(0.,0.,-1.));
#2283=DIRECTION('ref_axis',(-1.,0.,0.));
#2284=DIRECTION('center_axis',(0.,0.,1.));
#2285=DIRECTION('ref_axis',(1.,0.,0.));
#2286=DIRECTION('center_axis',(0.,0.,-1.));
#2287=DIRECTION('ref_axis',(1.,0.,0.));
#2288=DIRECTION('',(0.707106781186547,8.65956056235493E-17,-0.707106781186547));
#2289=DIRECTION('center_axis',(0.,0.,1.));
#2290=DIRECTION('ref_axis',(1.,0.,0.));
#2291=DIRECTION('center_axis',(0.,0.,1.));
#2292=DIRECTION('ref_axis',(1.,0.,0.));
#2293=DIRECTION('center_axis',(0.,0.,1.));
#2294=DIRECTION('ref_axis',(1.,0.,0.));
#2295=DIRECTION('center_axis',(0.,0.,1.));
#2296=DIRECTION('ref_axis',(-0.707106781186547,-0.707106781186547,0.));
#2297=DIRECTION('',(0.,-1.,0.));
#2298=DIRECTION('',(-1.,0.,0.));
#2299=DIRECTION('',(0.,-1.,0.));
#2300=DIRECTION('',(1.,0.,0.));
#2301=DIRECTION('',(0.,-1.,0.));
#2302=DIRECTION('center_axis',(0.,0.,1.));
#2303=DIRECTION('ref_axis',(-0.707106781186547,0.707106781186547,0.));
#2304=DIRECTION('',(-1.,0.,0.));
#2305=DIRECTION('',(0.,1.,0.));
#2306=DIRECTION('',(-1.,0.,0.));
#2307=DIRECTION('',(0.,-1.,0.));
#2308=DIRECTION('',(-1.,0.,0.));
#2309=DIRECTION('center_axis',(0.,0.,1.));
#2310=DIRECTION('ref_axis',(0.707106781186547,0.707106781186547,0.));
#2311=DIRECTION('',(0.,1.,0.));
#2312=DIRECTION('',(1.,0.,0.));
#2313=DIRECTION('',(0.,1.,0.));
#2314=DIRECTION('',(-1.,0.,0.));
#2315=DIRECTION('',(0.,1.,0.));
#2316=DIRECTION('center_axis',(0.,0.,1.));
#2317=DIRECTION('ref_axis',(0.707106781186547,-0.707106781186547,0.));
#2318=DIRECTION('',(1.,0.,0.));
#2319=DIRECTION('',(0.,-1.,0.));
#2320=DIRECTION('',(1.,0.,0.));
#2321=DIRECTION('',(0.,1.,0.));
#2322=DIRECTION('',(1.,0.,0.));
#2323=DIRECTION('center_axis',(0.,0.,-1.));
#2324=DIRECTION('ref_axis',(1.,0.,0.));
#2325=DIRECTION('center_axis',(0.,0.,-1.));
#2326=DIRECTION('ref_axis',(-1.,0.,0.));
#2327=DIRECTION('center_axis',(0.,0.,-1.));
#2328=DIRECTION('ref_axis',(1.,0.,0.));
#2329=DIRECTION('center_axis',(0.,0.,-1.));
#2330=DIRECTION('ref_axis',(1.,0.,0.));
#2331=DIRECTION('',(0.,0.,1.));
#2332=DIRECTION('center_axis',(0.,0.,1.));
#2333=DIRECTION('ref_axis',(1.,0.,0.));
#2334=DIRECTION('',(0.707106781186549,8.65956056235495E-17,-0.707106781186546));
#2335=DIRECTION('center_axis',(0.,0.,1.));
#2336=DIRECTION('ref_axis',(1.,0.,0.));
#2337=DIRECTION('center_axis',(0.,0.,1.));
#2338=DIRECTION('ref_axis',(1.,0.,0.));
#2339=DIRECTION('center_axis',(0.,0.,-1.));
#2340=DIRECTION('ref_axis',(-1.,0.,0.));
#2341=DIRECTION('center_axis',(0.,0.,-1.));
#2342=DIRECTION('ref_axis',(1.,0.,0.));
#2343=DIRECTION('center_axis',(0.,0.,-1.));
#2344=DIRECTION('ref_axis',(1.,0.,0.));
#2345=DIRECTION('',(0.,0.,1.));
#2346=DIRECTION('center_axis',(0.,0.,1.));
#2347=DIRECTION('ref_axis',(1.,0.,0.));
#2348=DIRECTION('center_axis',(0.,0.,1.));
#2349=DIRECTION('ref_axis',(1.,0.,0.));
#2350=DIRECTION('',(-0.707106781186547,8.65956056235493E-17,0.707106781186547));
#2351=DIRECTION('center_axis',(0.,0.,-1.));
#2352=DIRECTION('ref_axis',(-1.,0.,0.));
#2353=DIRECTION('center_axis',(0.,0.,-1.));
#2354=DIRECTION('ref_axis',(1.,0.,0.));
#2355=DIRECTION('center_axis',(0.,0.,-1.));
#2356=DIRECTION('ref_axis',(1.,0.,0.));
#2357=DIRECTION('',(0.707106781186549,-8.65956056235495E-17,0.707106781186546));
#2358=DIRECTION('center_axis',(0.,0.,1.));
#2359=DIRECTION('ref_axis',(1.,0.,0.));
#2360=DIRECTION('center_axis',(0.,0.,-1.));
#2361=DIRECTION('ref_axis',(1.,0.,0.));
#2362=DIRECTION('',(0.,0.,1.));
#2363=DIRECTION('center_axis',(0.,0.,-1.));
#2364=DIRECTION('ref_axis',(1.,0.,0.));
#2365=DIRECTION('center_axis',(0.,0.,1.));
#2366=DIRECTION('ref_axis',(1.,0.,0.));
#2367=DIRECTION('center_axis',(0.,0.,1.));
#2368=DIRECTION('ref_axis',(1.,0.,0.));
#2369=DIRECTION('',(-0.707106781186547,8.65956056235493E-17,0.707106781186547));
#2370=DIRECTION('center_axis',(0.,0.,-1.));
#2371=DIRECTION('ref_axis',(-1.,0.,0.));
#2372=DIRECTION('center_axis',(0.,0.,-1.));
#2373=DIRECTION('ref_axis',(1.,0.,0.));
#2374=DIRECTION('center_axis',(0.,0.,-1.));
#2375=DIRECTION('ref_axis',(1.,0.,0.));
#2376=DIRECTION('',(0.707106781186548,-8.65956056235493E-17,0.707106781186548));
#2377=DIRECTION('center_axis',(0.,0.,1.));
#2378=DIRECTION('ref_axis',(1.,0.,0.));
#2379=DIRECTION('center_axis',(0.,0.,-1.));
#2380=DIRECTION('ref_axis',(1.,0.,0.));
#2381=DIRECTION('',(0.,0.,1.));
#2382=DIRECTION('center_axis',(0.,0.,-1.));
#2383=DIRECTION('ref_axis',(1.,0.,0.));
#2384=DIRECTION('center_axis',(0.,0.,1.));
#2385=DIRECTION('ref_axis',(1.,0.,0.));
#2386=DIRECTION('center_axis',(0.,-1.,0.));
#2387=DIRECTION('ref_axis',(1.,0.,0.));
#2388=DIRECTION('center_axis',(0.,-1.,0.));
#2389=DIRECTION('ref_axis',(1.,0.,0.));
#2390=DIRECTION('center_axis',(0.,-1.,0.));
#2391=DIRECTION('ref_axis',(1.,0.,0.));
#2392=DIRECTION('',(0.,-1.,0.));
#2393=DIRECTION('center_axis',(0.,-1.,0.));
#2394=DIRECTION('ref_axis',(1.,0.,0.));
#2395=DIRECTION('center_axis',(0.,-1.,0.));
#2396=DIRECTION('ref_axis',(1.,0.,0.));
#2397=DIRECTION('center_axis',(0.,1.,0.));
#2398=DIRECTION('ref_axis',(0.,0.,1.));
#2399=DIRECTION('center_axis',(0.,-1.,0.));
#2400=DIRECTION('ref_axis',(1.,0.,0.));
#2401=DIRECTION('center_axis',(0.,-1.,0.));
#2402=DIRECTION('ref_axis',(1.,0.,0.));
#2403=DIRECTION('center_axis',(0.,-1.,0.));
#2404=DIRECTION('ref_axis',(1.,0.,0.));
#2405=DIRECTION('',(0.,-1.,0.));
#2406=DIRECTION('center_axis',(0.,-1.,0.));
#2407=DIRECTION('ref_axis',(1.,0.,0.));
#2408=DIRECTION('center_axis',(0.,-1.,0.));
#2409=DIRECTION('ref_axis',(1.,0.,0.));
#2410=DIRECTION('center_axis',(0.,1.,0.));
#2411=DIRECTION('ref_axis',(0.,0.,1.));
#2412=DIRECTION('center_axis',(0.,-1.,0.));
#2413=DIRECTION('ref_axis',(1.,0.,0.));
#2414=DIRECTION('center_axis',(0.,-1.,0.));
#2415=DIRECTION('ref_axis',(1.,0.,0.));
#2416=DIRECTION('center_axis',(0.,-1.,0.));
#2417=DIRECTION('ref_axis',(1.,0.,0.));
#2418=DIRECTION('',(0.,-1.,0.));
#2419=DIRECTION('center_axis',(0.,-1.,0.));
#2420=DIRECTION('ref_axis',(1.,0.,0.));
#2421=DIRECTION('center_axis',(0.,-1.,0.));
#2422=DIRECTION('ref_axis',(1.,0.,0.));
#2423=DIRECTION('center_axis',(0.,1.,0.));
#2424=DIRECTION('ref_axis',(0.,0.,1.));
#2425=DIRECTION('center_axis',(0.,-1.,0.));
#2426=DIRECTION('ref_axis',(1.,0.,0.));
#2427=DIRECTION('center_axis',(0.,-1.,0.));
#2428=DIRECTION('ref_axis',(1.,0.,0.));
#2429=DIRECTION('center_axis',(0.,-1.,0.));
#2430=DIRECTION('ref_axis',(1.,0.,0.));
#2431=DIRECTION('',(0.,-1.,0.));
#2432=DIRECTION('center_axis',(0.,-1.,0.));
#2433=DIRECTION('ref_axis',(1.,0.,0.));
#2434=DIRECTION('center_axis',(0.,-1.,0.));
#2435=DIRECTION('ref_axis',(1.,0.,0.));
#2436=DIRECTION('center_axis',(0.,1.,0.));
#2437=DIRECTION('ref_axis',(0.,0.,1.));
#2438=DIRECTION('center_axis',(0.,0.,-1.));
#2439=DIRECTION('ref_axis',(-1.,0.,0.));
#2440=DIRECTION('center_axis',(0.,0.,-1.));
#2441=DIRECTION('ref_axis',(-1.,0.,0.));
#2442=DIRECTION('',(-0.707106781186552,8.65956056235499E-17,0.707106781186543));
#2443=DIRECTION('center_axis',(0.,0.,1.));
#2444=DIRECTION('ref_axis',(-1.,0.,0.));
#2445=DIRECTION('center_axis',(0.,0.,1.));
#2446=DIRECTION('ref_axis',(1.,0.,0.));
#2447=DIRECTION('',(0.,1.,0.));
#2448=DIRECTION('',(1.,0.,0.));
#2449=DIRECTION('',(0.,-1.,0.));
#2450=DIRECTION('',(-1.,0.,0.));
#2451=DIRECTION('center_axis',(0.,0.,-1.));
#2452=DIRECTION('ref_axis',(-1.,0.,0.));
#2453=DIRECTION('center_axis',(0.,0.,-1.));
#2454=DIRECTION('ref_axis',(-1.,0.,0.));
#2455=DIRECTION('',(0.,0.,1.));
#2456=DIRECTION('center_axis',(0.,0.,-1.));
#2457=DIRECTION('ref_axis',(-1.,0.,0.));
#2458=DIRECTION('center_axis',(0.,0.,-1.));
#2459=DIRECTION('ref_axis',(-1.,0.,0.));
#2460=DIRECTION('',(-0.707106781186552,8.65956056235499E-17,0.707106781186543));
#2461=DIRECTION('center_axis',(0.,0.,1.));
#2462=DIRECTION('ref_axis',(-1.,0.,0.));
#2463=DIRECTION('center_axis',(0.,0.,-1.));
#2464=DIRECTION('ref_axis',(-1.,0.,0.));
#2465=DIRECTION('',(0.,0.,1.));
#2466=DIRECTION('center_axis',(0.,0.,-1.));
#2467=DIRECTION('ref_axis',(-1.,0.,0.));
#2468=DIRECTION('center_axis',(0.,0.,-1.));
#2469=DIRECTION('ref_axis',(-1.,0.,0.));
#2470=DIRECTION('center_axis',(0.,0.,-1.));
#2471=DIRECTION('ref_axis',(-1.,0.,0.));
#2472=DIRECTION('',(-0.707106781186554,8.65956056235501E-17,0.707106781186541));
#2473=DIRECTION('center_axis',(0.,0.,1.));
#2474=DIRECTION('ref_axis',(-1.,0.,0.));
#2475=DIRECTION('center_axis',(0.,0.,1.));
#2476=DIRECTION('ref_axis',(-1.,0.,0.));
#2477=DIRECTION('center_axis',(0.,0.,1.));
#2478=DIRECTION('ref_axis',(1.,0.,0.));
#2479=DIRECTION('',(0.,1.,0.));
#2480=DIRECTION('',(1.,0.,0.));
#2481=DIRECTION('',(0.,-1.,0.));
#2482=DIRECTION('',(-1.,0.,0.));
#2483=DIRECTION('center_axis',(0.,0.,-1.));
#2484=DIRECTION('ref_axis',(-1.,0.,0.));
#2485=DIRECTION('center_axis',(0.,0.,1.));
#2486=DIRECTION('ref_axis',(1.,0.,0.));
#2487=DIRECTION('',(0.,0.,1.));
#2488=DIRECTION('center_axis',(0.,0.,1.));
#2489=DIRECTION('ref_axis',(1.,0.,0.));
#2490=DIRECTION('center_axis',(0.,0.,1.));
#2491=DIRECTION('ref_axis',(1.,0.,0.));
#2492=DIRECTION('center_axis',(0.,0.,-1.));
#2493=DIRECTION('ref_axis',(-1.,0.,0.));
#2494=DIRECTION('',(-0.707106781186554,8.65956056235501E-17,0.707106781186541));
#2495=DIRECTION('center_axis',(0.,0.,1.));
#2496=DIRECTION('ref_axis',(-1.,0.,0.));
#2497=DIRECTION('center_axis',(0.,0.,1.));
#2498=DIRECTION('ref_axis',(-1.,0.,0.));
#2499=DIRECTION('center_axis',(0.,0.,1.));
#2500=DIRECTION('ref_axis',(1.,0.,0.));
#2501=DIRECTION('',(0.,0.,1.));
#2502=DIRECTION('center_axis',(0.,0.,1.));
#2503=DIRECTION('ref_axis',(1.,0.,0.));
#2504=DIRECTION('center_axis',(0.,0.,1.));
#2505=DIRECTION('ref_axis',(1.,0.,0.));
#2506=DIRECTION('center_axis',(0.,0.,-1.));
#2507=DIRECTION('ref_axis',(-1.,0.,0.));
#2508=DIRECTION('center_axis',(0.,0.,-1.));
#2509=DIRECTION('ref_axis',(-1.,0.,0.));
#2510=DIRECTION('',(-0.707106781186548,8.65956056235493E-17,0.707106781186548));
#2511=DIRECTION('center_axis',(0.,0.,1.));
#2512=DIRECTION('ref_axis',(-1.,0.,0.));
#2513=DIRECTION('center_axis',(0.,0.,1.));
#2514=DIRECTION('ref_axis',(1.,0.,0.));
#2515=DIRECTION('',(-1.,0.,0.));
#2516=DIRECTION('',(0.,1.,0.));
#2517=DIRECTION('',(1.,0.,0.));
#2518=DIRECTION('',(0.,-1.,0.));
#2519=DIRECTION('center_axis',(0.,0.,-1.));
#2520=DIRECTION('ref_axis',(-1.,0.,0.));
#2521=DIRECTION('center_axis',(0.,0.,-1.));
#2522=DIRECTION('ref_axis',(-1.,0.,0.));
#2523=DIRECTION('',(0.,0.,1.));
#2524=DIRECTION('center_axis',(0.,0.,-1.));
#2525=DIRECTION('ref_axis',(-1.,0.,0.));
#2526=DIRECTION('center_axis',(0.,0.,-1.));
#2527=DIRECTION('ref_axis',(-1.,0.,0.));
#2528=DIRECTION('',(-0.707106781186548,8.65956056235493E-17,0.707106781186548));
#2529=DIRECTION('center_axis',(0.,0.,1.));
#2530=DIRECTION('ref_axis',(-1.,0.,0.));
#2531=DIRECTION('center_axis',(0.,0.,-1.));
#2532=DIRECTION('ref_axis',(-1.,0.,0.));
#2533=DIRECTION('',(0.,0.,1.));
#2534=DIRECTION('center_axis',(0.,0.,-1.));
#2535=DIRECTION('ref_axis',(-1.,0.,0.));
#2536=DIRECTION('center_axis',(0.,0.,-1.));
#2537=DIRECTION('ref_axis',(-1.,0.,0.));
#2538=DIRECTION('center_axis',(0.,0.,-1.));
#2539=DIRECTION('ref_axis',(-1.,0.,0.));
#2540=DIRECTION('',(-0.707106781186554,8.65956056235501E-17,0.707106781186541));
#2541=DIRECTION('center_axis',(0.,0.,1.));
#2542=DIRECTION('ref_axis',(-1.,0.,0.));
#2543=DIRECTION('center_axis',(0.,0.,1.));
#2544=DIRECTION('ref_axis',(-1.,0.,0.));
#2545=DIRECTION('center_axis',(0.,0.,1.));
#2546=DIRECTION('ref_axis',(1.,0.,0.));
#2547=DIRECTION('',(-1.,0.,0.));
#2548=DIRECTION('',(0.,1.,0.));
#2549=DIRECTION('',(1.,0.,0.));
#2550=DIRECTION('',(0.,-1.,0.));
#2551=DIRECTION('center_axis',(0.,0.,-1.));
#2552=DIRECTION('ref_axis',(-1.,0.,0.));
#2553=DIRECTION('center_axis',(0.,0.,1.));
#2554=DIRECTION('ref_axis',(1.,0.,0.));
#2555=DIRECTION('',(0.,0.,1.));
#2556=DIRECTION('center_axis',(0.,0.,1.));
#2557=DIRECTION('ref_axis',(1.,0.,0.));
#2558=DIRECTION('center_axis',(0.,0.,1.));
#2559=DIRECTION('ref_axis',(1.,0.,0.));
#2560=DIRECTION('center_axis',(0.,0.,-1.));
#2561=DIRECTION('ref_axis',(-1.,0.,0.));
#2562=DIRECTION('',(-0.707106781186554,8.65956056235501E-17,0.707106781186541));
#2563=DIRECTION('center_axis',(0.,0.,1.));
#2564=DIRECTION('ref_axis',(-1.,0.,0.));
#2565=DIRECTION('center_axis',(0.,0.,1.));
#2566=DIRECTION('ref_axis',(-1.,0.,0.));
#2567=DIRECTION('center_axis',(0.,0.,1.));
#2568=DIRECTION('ref_axis',(1.,0.,0.));
#2569=DIRECTION('',(0.,0.,1.));
#2570=DIRECTION('center_axis',(0.,0.,1.));
#2571=DIRECTION('ref_axis',(1.,0.,0.));
#2572=DIRECTION('center_axis',(0.,0.,1.));
#2573=DIRECTION('ref_axis',(1.,0.,0.));
#2574=DIRECTION('center_axis',(-1.,0.,0.));
#2575=DIRECTION('ref_axis',(0.,0.707106781186551,-0.707106781186544));
#2576=DIRECTION('',(1.,0.,0.));
#2577=DIRECTION('center_axis',(-0.707106781186554,0.707106781186541,0.));
#2578=DIRECTION('ref_axis',(0.707106781186541,0.707106781186554,0.));
#2579=DIRECTION('center_axis',(-0.707106781186544,-0.707106781186551,0.));
#2580=DIRECTION('ref_axis',(0.707106781186551,-0.707106781186544,0.));
#2581=DIRECTION('center_axis',(0.,1.,0.));
#2582=DIRECTION('ref_axis',(-0.707106781186548,0.,-0.707106781186548));
#2583=DIRECTION('center_axis',(-0.707106781186548,0.707106781186548,0.));
#2584=DIRECTION('ref_axis',(-0.707106781186548,-0.707106781186548,0.));
#2585=DIRECTION('',(0.,1.,0.));
#2586=DIRECTION('center_axis',(-1.,0.,0.));
#2587=DIRECTION('ref_axis',(0.,-0.707106781186554,-0.707106781186541));
#2588=DIRECTION('center_axis',(-0.707106781186548,-0.707106781186548,0.));
#2589=DIRECTION('ref_axis',(0.707106781186548,-0.707106781186548,0.));
#2590=DIRECTION('',(-1.,0.,0.));
#2591=DIRECTION('center_axis',(0.,-1.,0.));
#2592=DIRECTION('ref_axis',(0.707106781186554,0.,-0.707106781186541));
#2593=DIRECTION('',(0.,-1.,0.));
#2594=DIRECTION('center_axis',(-1.,0.,0.));
#2595=DIRECTION('ref_axis',(0.,-1.,0.));
#2596=DIRECTION('',(0.,0.,-1.));
#2597=DIRECTION('',(0.,1.,0.));
#2598=DIRECTION('',(0.,0.,1.));
#2599=DIRECTION('center_axis',(0.,1.,0.));
#2600=DIRECTION('ref_axis',(-1.,0.,0.));
#2601=DIRECTION('',(0.,0.,1.));
#2602=DIRECTION('',(0.707106781186549,0.,-0.707106781186546));
#2603=DIRECTION('',(0.,0.,-1.));
#2604=DIRECTION('',(-1.,0.,0.));
#2605=DIRECTION('',(0.,0.,1.));
#2606=DIRECTION('',(0.707106781186549,0.,0.707106781186546));
#2607=DIRECTION('center_axis',(0.,-1.,0.));
#2608=DIRECTION('ref_axis',(0.707106781186554,0.,-0.707106781186541));
#2609=DIRECTION('center_axis',(0.707106781186548,-0.707106781186548,0.));
#2610=DIRECTION('ref_axis',(0.707106781186548,0.707106781186548,0.));
#2611=DIRECTION('',(0.,-1.,0.));
#2612=DIRECTION('center_axis',(-0.707106781186548,-0.707106781186548,0.));
#2613=DIRECTION('ref_axis',(-0.707106781186547,0.707106781186547,0.));
#2614=DIRECTION('center_axis',(1.,0.,0.));
#2615=DIRECTION('ref_axis',(0.,0.707106781186548,-0.707106781186548));
#2616=DIRECTION('center_axis',(0.707106781186548,0.707106781186548,0.));
#2617=DIRECTION('ref_axis',(-0.707106781186548,0.707106781186548,0.));
#2618=DIRECTION('',(1.,0.,0.));
#2619=DIRECTION('center_axis',(1.,0.,0.));
#2620=DIRECTION('ref_axis',(0.,-0.707106781186544,-0.707106781186551));
#2621=DIRECTION('',(-1.,0.,0.));
#2622=DIRECTION('center_axis',(0.707106781186548,-0.707106781186548,0.));
#2623=DIRECTION('ref_axis',(-0.707106781186547,-0.707106781186547,0.));
#2624=DIRECTION('center_axis',(0.,1.,0.));
#2625=DIRECTION('ref_axis',(-0.707106781186548,0.,-0.707106781186548));
#2626=DIRECTION('',(0.,1.,0.));
#2627=DIRECTION('center_axis',(0.,-1.,0.));
#2628=DIRECTION('ref_axis',(1.,0.,0.));
#2629=DIRECTION('',(0.,0.,1.));
#2630=DIRECTION('',(-0.707106781186549,0.,-0.707106781186546));
#2631=DIRECTION('',(0.,0.,-1.));
#2632=DIRECTION('',(1.,0.,0.));
#2633=DIRECTION('',(0.,0.,1.));
#2634=DIRECTION('',(-0.707106781186549,0.,0.707106781186546));
#2635=DIRECTION('',(0.,0.,-1.));
#2636=DIRECTION('center_axis',(-1.,0.,0.));
#2637=DIRECTION('ref_axis',(0.,-1.,0.));
#2638=DIRECTION('',(0.,0.,1.));
#2639=DIRECTION('',(0.,1.,0.));
#2640=DIRECTION('center_axis',(1.,0.,0.));
#2641=DIRECTION('ref_axis',(0.,0.707106781186548,-0.707106781186547));
#2642=DIRECTION('center_axis',(0.707106781186548,0.707106781186548,-7.85046229341888E-16));
#2643=DIRECTION('ref_axis',(-0.707106781186548,0.707106781186548,-7.85046229341888E-16));
#2644=DIRECTION('',(1.,0.,0.));
#2645=DIRECTION('center_axis',(0.707106781186547,-0.707106781186548,0.));
#2646=DIRECTION('ref_axis',(0.707106781186548,0.707106781186547,0.));
#2647=DIRECTION('center_axis',(0.,1.,0.));
#2648=DIRECTION('ref_axis',(-0.707106781186548,0.,-0.707106781186548));
#2649=DIRECTION('center_axis',(-0.707106781186548,0.707106781186547,7.85046229341888E-16));
#2650=DIRECTION('ref_axis',(-0.707106781186547,-0.707106781186548,7.85046229341887E-16));
#2651=DIRECTION('',(0.,1.,0.));
#2652=DIRECTION('center_axis',(-1.,0.,0.));
#2653=DIRECTION('ref_axis',(0.,-0.707106781186547,-0.707106781186548));
#2654=DIRECTION('center_axis',(-0.707106781177703,-0.707106781195392,0.));
#2655=DIRECTION('ref_axis',(0.707106781195392,-0.707106781177703,0.));
#2656=DIRECTION('',(-1.,0.,0.));
#2657=DIRECTION('center_axis',(0.,-1.,0.));
#2658=DIRECTION('ref_axis',(0.707106781186547,0.,-0.707106781186548));
#2659=DIRECTION('',(0.,-1.,0.));
#2660=DIRECTION('center_axis',(1.,0.,0.));
#2661=DIRECTION('ref_axis',(0.,-1.,0.));
#2662=DIRECTION('',(0.,0.,1.));
#2663=DIRECTION('',(0.,1.,0.));
#2664=DIRECTION('',(0.,0.,1.));
#2665=DIRECTION('center_axis',(-1.,0.,0.));
#2666=DIRECTION('ref_axis',(0.,0.,-1.));
#2667=DIRECTION('center_axis',(-1.,0.,0.));
#2668=DIRECTION('ref_axis',(0.,0.,-1.));
#2669=DIRECTION('center_axis',(0.,1.,0.));
#2670=DIRECTION('ref_axis',(1.,0.,0.));
#2671=DIRECTION('',(0.,0.,1.));
#2672=DIRECTION('',(-1.,0.,0.));
#2673=DIRECTION('center_axis',(0.,-1.,0.));
#2674=DIRECTION('ref_axis',(0.707106781186553,0.,-0.707106781186542));
#2675=DIRECTION('center_axis',(0.707106781186542,-0.707106781186553,0.));
#2676=DIRECTION('ref_axis',(0.707106781186553,0.707106781186542,0.));
#2677=DIRECTION('',(0.,-1.,0.));
#2678=DIRECTION('center_axis',(-0.707106781186543,-0.707106781186552,0.));
#2679=DIRECTION('ref_axis',(0.707106781186552,-0.707106781186543,0.));
#2680=DIRECTION('center_axis',(1.,0.,0.));
#2681=DIRECTION('ref_axis',(0.,0.707106781186548,-0.707106781186547));
#2682=DIRECTION('center_axis',(0.707106781186549,0.707106781186546,-7.85046229341886E-16));
#2683=DIRECTION('ref_axis',(-0.707106781186546,0.707106781186549,-7.85046229341889E-16));
#2684=DIRECTION('',(1.,0.,0.));
#2685=DIRECTION('center_axis',(0.,1.,0.));
#2686=DIRECTION('ref_axis',(-0.70710678118654,0.,-0.707106781186555));
#2687=DIRECTION('center_axis',(-0.707106781186549,0.707106781186546,0.));
#2688=DIRECTION('ref_axis',(-0.707106781186546,-0.707106781186549,0.));
#2689=DIRECTION('',(0.,1.,0.));
#2690=DIRECTION('center_axis',(-1.,0.,0.));
#2691=DIRECTION('ref_axis',(0.,-0.70710678118655,-0.707106781186545));
#2692=DIRECTION('',(-1.,0.,0.));
#2693=DIRECTION('center_axis',(0.,-1.,0.));
#2694=DIRECTION('ref_axis',(-1.,0.,0.));
#2695=DIRECTION('',(0.,0.,1.));
#2696=DIRECTION('',(1.,0.,0.));
#2697=DIRECTION('',(0.,0.,1.));
#2698=DIRECTION('center_axis',(1.,0.,0.));
#2699=DIRECTION('ref_axis',(0.,-1.,0.));
#2700=DIRECTION('',(0.,0.,1.));
#2701=DIRECTION('',(0.,-0.707106781186548,-0.707106781186547));
#2702=DIRECTION('',(0.,0.,-1.));
#2703=DIRECTION('',(0.,1.,0.));
#2704=DIRECTION('',(0.,0.,1.));
#2705=DIRECTION('',(0.,-0.707106781186548,0.707106781186548));
#2706=DIRECTION('center_axis',(-1.,0.,0.));
#2707=DIRECTION('ref_axis',(0.,0.,-1.));
#2708=DIRECTION('center_axis',(-1.,0.,0.));
#2709=DIRECTION('ref_axis',(0.,0.,-1.));
#2710=DIRECTION('center_axis',(-1.,0.,0.));
#2711=DIRECTION('ref_axis',(0.,0.,-1.));
#2712=DIRECTION('center_axis',(-1.,0.,0.));
#2713=DIRECTION('ref_axis',(0.,0.,-1.));
#2714=DIRECTION('center_axis',(0.,0.,1.));
#2715=DIRECTION('ref_axis',(-0.707106781186547,-0.707106781186547,0.));
#2716=DIRECTION('center_axis',(0.,0.,-1.));
#2717=DIRECTION('ref_axis',(-0.707106781186547,-0.707106781186547,0.));
#2718=DIRECTION('',(0.,0.,-1.));
#2719=DIRECTION('center_axis',(0.,0.,1.));
#2720=DIRECTION('ref_axis',(1.,0.,0.));
#2721=DIRECTION('center_axis',(0.,0.,1.));
#2722=DIRECTION('ref_axis',(0.707106781186547,-0.707106781186547,0.));
#2723=DIRECTION('center_axis',(0.,0.,-1.));
#2724=DIRECTION('ref_axis',(0.707106781186547,-0.707106781186547,0.));
#2725=DIRECTION('center_axis',(0.,0.,1.));
#2726=DIRECTION('ref_axis',(0.707106781186547,0.707106781186547,0.));
#2727=DIRECTION('center_axis',(0.,0.,-1.));
#2728=DIRECTION('ref_axis',(0.707106781186547,0.707106781186547,0.));
#2729=DIRECTION('center_axis',(0.,0.,1.));
#2730=DIRECTION('ref_axis',(-0.707106781186547,0.707106781186547,0.));
#2731=DIRECTION('center_axis',(0.,0.,-1.));
#2732=DIRECTION('ref_axis',(-0.707106781186547,0.707106781186547,0.));
#2733=DIRECTION('',(0.,0.,1.));
#2734=DIRECTION('center_axis',(-1.,0.,0.));
#2735=DIRECTION('ref_axis',(0.,1.,0.));
#2736=DIRECTION('',(0.,0.,-1.));
#2737=DIRECTION('',(0.,0.707106781185663,-0.707106781187432));
#2738=DIRECTION('',(0.,-1.,0.));
#2739=DIRECTION('',(0.,0.707106781186548,0.707106781186548));
#2740=DIRECTION('center_axis',(1.,0.,0.));
#2741=DIRECTION('ref_axis',(0.,0.,-1.));
#2742=DIRECTION('center_axis',(1.,0.,0.));
#2743=DIRECTION('ref_axis',(0.,0.,-1.));
#2744=DIRECTION('center_axis',(0.707106781186546,0.,-0.707106781186549));
#2745=DIRECTION('ref_axis',(-0.707106781186549,0.,-0.707106781186546));
#2746=DIRECTION('',(-0.577350269189627,0.577350269189625,-0.577350269189625));
#2747=DIRECTION('center_axis',(0.,-0.707106781186548,-0.707106781186548));
#2748=DIRECTION('ref_axis',(-1.,0.,0.));
#2749=DIRECTION('',(1.,0.,0.));
#2750=DIRECTION('',(0.577350269189627,0.577350269189625,-0.577350269189625));
#2751=DIRECTION('center_axis',(-0.707106781186546,0.,-0.707106781186549));
#2752=DIRECTION('ref_axis',(-0.707106781186549,0.,0.707106781186546));
#2753=DIRECTION('',(0.,-1.,0.));
#2754=DIRECTION('center_axis',(0.,1.,0.));
#2755=DIRECTION('ref_axis',(-1.,0.,0.));
#2756=DIRECTION('',(0.,0.,1.));
#2757=DIRECTION('center_axis',(1.,0.,0.));
#2758=DIRECTION('ref_axis',(0.,1.,0.));
#2759=DIRECTION('center_axis',(-0.707106781186546,0.,-0.707106781186549));
#2760=DIRECTION('ref_axis',(-0.707106781186549,0.,0.707106781186546));
#2761=DIRECTION('',(0.,-1.,0.));
#2762=DIRECTION('',(0.577350269189627,-0.577350269189625,-0.577350269189625));
#2763=DIRECTION('center_axis',(0.,0.707106781186548,-0.707106781186548));
#2764=DIRECTION('ref_axis',(-1.,0.,0.));
#2765=DIRECTION('',(-1.,0.,0.));
#2766=DIRECTION('',(-0.577350269189627,-0.577350269189625,-0.577350269189625));
#2767=DIRECTION('center_axis',(0.707106781186546,0.,-0.707106781186549));
#2768=DIRECTION('ref_axis',(-0.707106781186549,0.,-0.707106781186546));
#2769=DIRECTION('center_axis',(1.,0.,0.));
#2770=DIRECTION('ref_axis',(0.,1.,0.));
#2771=DIRECTION('',(0.,0.,1.));
#2772=DIRECTION('center_axis',(0.,-1.,0.));
#2773=DIRECTION('ref_axis',(1.,0.,0.));
#2774=DIRECTION('center_axis',(0.,0.707106781186548,-0.707106781186548));
#2775=DIRECTION('ref_axis',(-1.,0.,0.));
#2776=DIRECTION('',(-0.577350269189625,-0.577350269189626,-0.577350269189626));
#2777=DIRECTION('center_axis',(0.707106781186548,0.,-0.707106781186547));
#2778=DIRECTION('ref_axis',(-0.707106781186547,0.,-0.707106781186548));
#2779=DIRECTION('',(-0.577350269189144,0.577350269190589,-0.577350269189145));
#2780=DIRECTION('center_axis',(0.,-0.707106781187432,-0.707106781185663));
#2781=DIRECTION('ref_axis',(-1.,0.,0.));
#2782=DIRECTION('',(1.,0.,0.));
#2783=DIRECTION('center_axis',(0.,-1.,0.));
#2784=DIRECTION('ref_axis',(-1.,0.,0.));
#2785=DIRECTION('center_axis',(0.,-0.707106781186548,-0.707106781186548));
#2786=DIRECTION('ref_axis',(-1.,0.,0.));
#2787=DIRECTION('',(0.577350269189626,0.577350269189626,-0.577350269189626));
#2788=DIRECTION('center_axis',(-0.707106781186548,0.,-0.707106781186548));
#2789=DIRECTION('ref_axis',(-0.707106781186548,0.,0.707106781186548));
#2790=DIRECTION('',(0.577350269189626,-0.577350269189626,-0.577350269189626));
#2791=DIRECTION('',(0.,-1.,0.));
#2792=DIRECTION('center_axis',(0.,0.707106781186547,-0.707106781186548));
#2793=DIRECTION('ref_axis',(-1.,0.,0.));
#2794=DIRECTION('',(-1.,0.,0.));
#2795=DIRECTION('center_axis',(-1.,0.,0.));
#2796=DIRECTION('ref_axis',(0.,1.,0.));
#2797=DIRECTION('',(0.,0.,-1.));
#2798=DIRECTION('center_axis',(1.,0.,0.));
#2799=DIRECTION('ref_axis',(0.,0.,-1.));
#2800=DIRECTION('center_axis',(1.,0.,0.));
#2801=DIRECTION('ref_axis',(0.,0.,-1.));
#2802=DIRECTION('center_axis',(0.,1.,0.));
#2803=DIRECTION('ref_axis',(1.,0.,0.));
#2804=DIRECTION('center_axis',(0.,0.,1.));
#2805=DIRECTION('ref_axis',(1.,0.,0.));
#2806=DIRECTION('center_axis',(0.,0.,1.));
#2807=DIRECTION('ref_axis',(1.,0.,0.));
#2808=DIRECTION('center_axis',(0.,0.,1.));
#2809=DIRECTION('ref_axis',(1.,0.,0.));
#2810=DIRECTION('center_axis',(0.,0.,1.));
#2811=DIRECTION('ref_axis',(1.,0.,0.));
#2812=DIRECTION('center_axis',(0.,0.,1.));
#2813=DIRECTION('ref_axis',(1.,0.,0.));
#2814=DIRECTION('center_axis',(0.,0.,1.));
#2815=DIRECTION('ref_axis',(1.,0.,0.));
#2816=DIRECTION('center_axis',(0.,0.,1.));
#2817=DIRECTION('ref_axis',(1.,0.,0.));
#2818=DIRECTION('center_axis',(-1.,0.,0.));
#2819=DIRECTION('ref_axis',(0.,0.,-1.));
#2820=DIRECTION('',(-1.,0.,0.));
#2821=DIRECTION('center_axis',(-1.,0.,0.));
#2822=DIRECTION('ref_axis',(0.,0.,-1.));
#2823=DIRECTION('',(-1.,0.,0.));
#2824=DIRECTION('center_axis',(-1.,0.,0.));
#2825=DIRECTION('ref_axis',(0.,0.,-1.));
#2826=DIRECTION('',(-1.,0.,0.));
#2827=DIRECTION('center_axis',(-1.,0.,0.));
#2828=DIRECTION('ref_axis',(0.,0.,-1.));
#2829=DIRECTION('',(-1.,0.,0.));
#2830=DIRECTION('center_axis',(0.,0.,1.));
#2831=DIRECTION('ref_axis',(1.,0.,0.));
#2832=DIRECTION('center_axis',(0.,0.,1.));
#2833=DIRECTION('ref_axis',(1.,0.,0.));
#2834=CARTESIAN_POINT('',(0.,0.,0.));
#2835=CARTESIAN_POINT('Origin',(166.314926330604,-16.3500000000196,32.5));
#2836=CARTESIAN_POINT('',(166.314926330604,-16.3500000000196,31.6));
#2837=CARTESIAN_POINT('',(166.314926330604,-16.3500000000196,33.4));
#2838=CARTESIAN_POINT('Origin',(166.314926330604,-16.3500000000196,32.5));
#2839=CARTESIAN_POINT('Origin',(166.314926330604,-16.3500000000196,32.5));
#2840=CARTESIAN_POINT('',(156.314926330604,-16.3500000000196,33.4));
#2841=CARTESIAN_POINT('',(166.314926330604,-16.3500000000196,33.4));
#2842=CARTESIAN_POINT('',(156.314926330604,-16.3500000000196,31.6));
#2843=CARTESIAN_POINT('Origin',(156.314926330604,-16.3500000000196,32.5));
#2844=CARTESIAN_POINT('Origin',(156.314926330604,-16.3500000000196,32.5));
#2845=CARTESIAN_POINT('Origin',(156.314926330604,-16.3500000000196,32.5));
#2846=CARTESIAN_POINT('Origin',(166.314926330604,-5.45000000000655,32.5));
#2847=CARTESIAN_POINT('',(166.314926330604,-5.45000000000655,31.6));
#2848=CARTESIAN_POINT('',(166.314926330604,-5.45000000000655,33.4));
#2849=CARTESIAN_POINT('Origin',(166.314926330604,-5.45000000000655,32.5));
#2850=CARTESIAN_POINT('Origin',(166.314926330604,-5.45000000000655,32.5));
#2851=CARTESIAN_POINT('',(156.314926330604,-5.45000000000655,33.4));
#2852=CARTESIAN_POINT('',(166.314926330604,-5.45000000000655,33.4));
#2853=CARTESIAN_POINT('',(156.314926330604,-5.45000000000655,31.6));
#2854=CARTESIAN_POINT('Origin',(156.314926330604,-5.45000000000655,32.5));
#2855=CARTESIAN_POINT('Origin',(156.314926330604,-5.45000000000655,32.5));
#2856=CARTESIAN_POINT('Origin',(156.314926330604,-5.45000000000655,32.5));
#2857=CARTESIAN_POINT('Origin',(156.314926330604,57.1999999999738,47.5));
#2858=CARTESIAN_POINT('',(155.414926330604,57.1999999999738,47.5));
#2859=CARTESIAN_POINT('',(157.214926330604,57.1999999999738,47.5));
#2860=CARTESIAN_POINT('Origin',(156.314926330604,57.1999999999738,47.5));
#2861=CARTESIAN_POINT('Origin',(156.314926330604,57.1999999999738,47.5));
#2862=CARTESIAN_POINT('',(157.214926330604,57.1999999999738,52.5));
#2863=CARTESIAN_POINT('',(157.214926330604,57.1999999999738,47.5));
#2864=CARTESIAN_POINT('Origin',(156.314926330604,57.1999999999738,52.5));
#2865=CARTESIAN_POINT('Origin',(156.314926330604,47.1999999999738,47.5));
#2866=CARTESIAN_POINT('',(155.414926330604,47.1999999999738,47.5));
#2867=CARTESIAN_POINT('',(157.214926330604,47.1999999999738,47.5));
#2868=CARTESIAN_POINT('Origin',(156.314926330604,47.1999999999738,47.5));
#2869=CARTESIAN_POINT('Origin',(156.314926330604,47.1999999999738,47.5));
#2870=CARTESIAN_POINT('',(157.214926330604,47.1999999999738,52.5));
#2871=CARTESIAN_POINT('',(157.214926330604,47.1999999999738,47.5));
#2872=CARTESIAN_POINT('Origin',(156.314926330604,47.1999999999738,52.5));
#2873=CARTESIAN_POINT('Origin',(156.314926330604,67.1999999999738,47.5));
#2874=CARTESIAN_POINT('',(155.414926330604,67.1999999999738,47.5));
#2875=CARTESIAN_POINT('',(157.214926330604,67.1999999999738,47.5));
#2876=CARTESIAN_POINT('Origin',(156.314926330604,67.1999999999738,47.5));
#2877=CARTESIAN_POINT('Origin',(156.314926330604,67.1999999999738,47.5));
#2878=CARTESIAN_POINT('',(157.214926330604,67.1999999999738,52.5));
#2879=CARTESIAN_POINT('',(157.214926330604,67.1999999999738,47.5));
#2880=CARTESIAN_POINT('Origin',(156.314926330604,67.1999999999738,52.5));
#2881=CARTESIAN_POINT('Origin',(156.314926330604,37.1999999999738,47.5));
#2882=CARTESIAN_POINT('',(155.414926330604,37.1999999999738,47.5));
#2883=CARTESIAN_POINT('',(157.214926330604,37.1999999999738,47.5));
#2884=CARTESIAN_POINT('Origin',(156.314926330604,37.1999999999738,47.5));
#2885=CARTESIAN_POINT('Origin',(156.314926330604,37.1999999999738,47.5));
#2886=CARTESIAN_POINT('',(157.214926330604,37.1999999999738,52.5));
#2887=CARTESIAN_POINT('',(157.214926330604,37.1999999999738,47.5));
#2888=CARTESIAN_POINT('Origin',(156.314926330604,37.1999999999738,52.5));
#2889=CARTESIAN_POINT('Origin',(156.314926330604,77.1999999999738,47.5));
#2890=CARTESIAN_POINT('',(155.414926330604,77.1999999999738,47.5));
#2891=CARTESIAN_POINT('',(157.214926330604,77.1999999999738,47.5));
#2892=CARTESIAN_POINT('Origin',(156.314926330604,77.1999999999738,47.5));
#2893=CARTESIAN_POINT('Origin',(156.314926330604,77.1999999999738,47.5));
#2894=CARTESIAN_POINT('',(157.214926330604,77.1999999999738,52.5));
#2895=CARTESIAN_POINT('',(157.214926330604,77.1999999999738,47.5));
#2896=CARTESIAN_POINT('Origin',(156.314926330604,77.1999999999738,52.5));
#2897=CARTESIAN_POINT('Origin',(58.5,65.,47.));
#2898=CARTESIAN_POINT('',(53.,65.,47.5));
#2899=CARTESIAN_POINT('Origin',(58.5,65.,47.5));
#2900=CARTESIAN_POINT('',(54.,65.,46.5));
#2901=CARTESIAN_POINT('',(53.5,65.,47.));
#2902=CARTESIAN_POINT('',(63.,65.,46.5));
#2903=CARTESIAN_POINT('Origin',(58.5,65.,46.5));
#2904=CARTESIAN_POINT('Origin',(58.5,65.,46.5));
#2905=CARTESIAN_POINT('Origin',(87.4074631653018,13.6999999999738,47.5));
#2906=CARTESIAN_POINT('',(8.50000000000001,-59.8000000000262,47.5));
#2907=CARTESIAN_POINT('',(13.5,-64.8000000000262,47.5));
#2908=CARTESIAN_POINT('Origin',(13.5,-59.8000000000262,47.5));
#2909=CARTESIAN_POINT('',(8.50000000000001,-26.8000000000387,47.5));
#2910=CARTESIAN_POINT('',(8.50000000000001,-4.05000000003872,47.5));
#2911=CARTESIAN_POINT('',(29.,-26.8000000000387,47.5));
#2912=CARTESIAN_POINT('',(55.7037315826509,-26.8000000000387,47.5));
#2913=CARTESIAN_POINT('',(29.,5.,47.5));
#2914=CARTESIAN_POINT('',(29.,6.84999999998689,47.5));
#2915=CARTESIAN_POINT('',(8.50000000000001,5.,47.5));
#2916=CARTESIAN_POINT('',(47.9537315826509,5.,47.5));
#2917=CARTESIAN_POINT('',(8.50000000000001,87.1999999999738,47.5));
#2918=CARTESIAN_POINT('',(8.50000000000001,-4.05000000003872,47.5));
#2919=CARTESIAN_POINT('',(13.5,92.1999999999738,47.5));
#2920=CARTESIAN_POINT('Origin',(13.5,87.1999999999738,47.5));
#2921=CARTESIAN_POINT('',(76.1,92.1999999999738,47.5));
#2922=CARTESIAN_POINT('',(126.861194747953,92.1999999999738,47.5));
#2923=CARTESIAN_POINT('',(76.1,77.1999999999738,47.5));
#2924=CARTESIAN_POINT('',(76.1,46.9499999999738,47.5));
#2925=CARTESIAN_POINT('',(103.9,77.1999999999738,47.5));
#2926=CARTESIAN_POINT('',(94.1537315826509,77.1999999999738,47.5));
#2927=CARTESIAN_POINT('',(103.9,92.1999999999738,47.5));
#2928=CARTESIAN_POINT('',(103.9,52.9499999999738,47.5));
#2929=CARTESIAN_POINT('',(161.314926330604,92.1999999999738,47.5));
#2930=CARTESIAN_POINT('',(126.861194747953,92.1999999999738,47.5));
#2931=CARTESIAN_POINT('',(166.314926330604,87.1999999999738,47.5));
#2932=CARTESIAN_POINT('Origin',(161.314926330604,87.1999999999738,47.5));
#2933=CARTESIAN_POINT('',(166.314926330604,4.99999999997381,47.5));
#2934=CARTESIAN_POINT('',(166.314926330604,6.84999999997379,47.5));
#2935=CARTESIAN_POINT('',(150.,4.99999999997381,47.5));
#2936=CARTESIAN_POINT('',(121.203731582651,4.99999999997381,47.5));
#2937=CARTESIAN_POINT('',(150.,-26.8000000000262,47.5));
#2938=CARTESIAN_POINT('',(150.,-4.05000000002621,47.5));
#2939=CARTESIAN_POINT('',(166.314926330604,-26.8000000000262,47.5));
#2940=CARTESIAN_POINT('',(126.861194747953,-26.8000000000262,47.5));
#2941=CARTESIAN_POINT('',(166.314926330604,-59.8000000000262,47.5));
#2942=CARTESIAN_POINT('',(166.314926330604,6.84999999997379,47.5));
#2943=CARTESIAN_POINT('',(161.314926330604,-64.8000000000262,47.5));
#2944=CARTESIAN_POINT('Origin',(161.314926330604,-59.8000000000262,47.5));
#2945=CARTESIAN_POINT('',(103.9,-64.8000000000262,47.5));
#2946=CARTESIAN_POINT('',(47.9537315826509,-64.8000000000262,47.5));
#2947=CARTESIAN_POINT('',(103.9,-39.8000000000262,47.5));
#2948=CARTESIAN_POINT('',(103.9,-14.5500000000262,47.5));
#2949=CARTESIAN_POINT('',(76.1,-39.8000000000262,47.5));
#2950=CARTESIAN_POINT('',(83.2537315826509,-39.8000000000262,47.5));
#2951=CARTESIAN_POINT('',(76.1,-64.8000000000262,47.5));
#2952=CARTESIAN_POINT('',(76.1,-25.5500000000262,47.5));
#2953=CARTESIAN_POINT('',(47.9537315826509,-64.8000000000262,47.5));
#2954=CARTESIAN_POINT('',(13.,25.,47.5));
#2955=CARTESIAN_POINT('Origin',(18.5,25.,47.5));
#2956=CARTESIAN_POINT('Origin',(58.5,65.,47.5));
#2957=CARTESIAN_POINT('',(54.,65.,33.));
#2958=CARTESIAN_POINT('',(63.,65.,33.));
#2959=CARTESIAN_POINT('Origin',(58.5,65.,33.));
#2960=CARTESIAN_POINT('Origin',(58.5,65.,33.));
#2961=CARTESIAN_POINT('',(63.,65.,47.5));
#2962=CARTESIAN_POINT('Origin',(18.5,25.,47.));
#2963=CARTESIAN_POINT('',(14.,25.,46.5));
#2964=CARTESIAN_POINT('',(13.5,25.,47.));
#2965=CARTESIAN_POINT('',(23.,25.,46.5));
#2966=CARTESIAN_POINT('Origin',(18.5,25.,46.5));
#2967=CARTESIAN_POINT('Origin',(18.5,25.,46.5));
#2968=CARTESIAN_POINT('Origin',(18.5,25.,47.5));
#2969=CARTESIAN_POINT('',(14.,25.,33.));
#2970=CARTESIAN_POINT('',(23.,25.,33.));
#2971=CARTESIAN_POINT('Origin',(18.5,25.,33.));
#2972=CARTESIAN_POINT('Origin',(18.5,25.,33.));
#2973=CARTESIAN_POINT('',(23.,25.,47.5));
#2974=CARTESIAN_POINT('Origin',(18.5,25.,32.75));
#2975=CARTESIAN_POINT('',(14.5,25.,32.5));
#2976=CARTESIAN_POINT('Origin',(18.5,25.,32.5));
#2977=CARTESIAN_POINT('',(14.25,25.,32.75));
#2978=CARTESIAN_POINT('Origin',(18.5,25.,32.5));
#2979=CARTESIAN_POINT('',(16.6,25.,32.5));
#2980=CARTESIAN_POINT('Origin',(18.5,25.,32.5));
#2981=CARTESIAN_POINT('Origin',(18.5,25.,32.75));
#2982=CARTESIAN_POINT('',(17.1,25.,33.));
#2983=CARTESIAN_POINT('',(16.85,25.,32.75));
#2984=CARTESIAN_POINT('Origin',(18.5,25.,33.));
#2985=CARTESIAN_POINT('Origin',(18.5,25.,47.5));
#2986=CARTESIAN_POINT('',(17.1,25.,47.5));
#2987=CARTESIAN_POINT('',(17.1,25.,47.5));
#2988=CARTESIAN_POINT('Origin',(18.5,25.,47.5));
#2989=CARTESIAN_POINT('Origin',(58.5,65.,32.75));
#2990=CARTESIAN_POINT('',(54.5,65.,32.5));
#2991=CARTESIAN_POINT('Origin',(58.5,65.,32.5));
#2992=CARTESIAN_POINT('',(54.25,65.,32.75));
#2993=CARTESIAN_POINT('Origin',(58.5,65.,32.5));
#2994=CARTESIAN_POINT('',(56.6,65.,32.5));
#2995=CARTESIAN_POINT('Origin',(58.5,65.,32.5));
#2996=CARTESIAN_POINT('Origin',(58.5,65.,32.75));
#2997=CARTESIAN_POINT('',(57.1,65.,33.));
#2998=CARTESIAN_POINT('',(56.85,65.,32.75));
#2999=CARTESIAN_POINT('Origin',(58.5,65.,33.));
#3000=CARTESIAN_POINT('Origin',(58.5,65.,47.5));
#3001=CARTESIAN_POINT('',(57.1,65.,47.5));
#3002=CARTESIAN_POINT('',(57.1,65.,47.5));
#3003=CARTESIAN_POINT('Origin',(58.5,65.,47.5));
#3004=CARTESIAN_POINT('Origin',(87.4074631653018,13.6999999999738,47.5));
#3005=CARTESIAN_POINT('Origin',(160.657463165302,0.,7.55));
#3006=CARTESIAN_POINT('',(161.557463165302,0.,7.55));
#3007=CARTESIAN_POINT('',(159.757463165302,-2.61946020430059E-11,7.55));
#3008=CARTESIAN_POINT('Origin',(160.657463165302,-2.61946020430059E-11,
7.55));
#3009=CARTESIAN_POINT('Origin',(160.657463165302,-2.61946020430059E-11,
7.55));
#3010=CARTESIAN_POINT('',(159.757463165302,-10.,7.55));
#3011=CARTESIAN_POINT('',(159.757463165302,0.,7.55));
#3012=CARTESIAN_POINT('',(161.557463165302,-10.,7.55));
#3013=CARTESIAN_POINT('Origin',(160.657463165302,-10.,7.55));
#3014=CARTESIAN_POINT('Origin',(160.657463165302,-10.,7.55));
#3015=CARTESIAN_POINT('Origin',(160.657463165302,-10.,7.55));
#3016=CARTESIAN_POINT('Origin',(16.25,0.,16.35));
#3017=CARTESIAN_POINT('',(17.15,0.,16.35));
#3018=CARTESIAN_POINT('',(15.35,0.,16.35));
#3019=CARTESIAN_POINT('Origin',(16.25,0.,16.35));
#3020=CARTESIAN_POINT('Origin',(16.25,0.,16.35));
#3021=CARTESIAN_POINT('',(15.35,-10.,16.35));
#3022=CARTESIAN_POINT('',(15.35,0.,16.35));
#3023=CARTESIAN_POINT('',(17.15,-10.,16.35));
#3024=CARTESIAN_POINT('Origin',(16.25,-10.,16.35));
#3025=CARTESIAN_POINT('Origin',(16.25,-10.,16.35));
#3026=CARTESIAN_POINT('Origin',(16.25,-10.,16.35));
#3027=CARTESIAN_POINT('Origin',(160.657463165302,0.,16.35));
#3028=CARTESIAN_POINT('',(161.557463165302,0.,16.35));
#3029=CARTESIAN_POINT('',(159.757463165302,-2.61946020430059E-11,16.35));
#3030=CARTESIAN_POINT('Origin',(160.657463165302,-2.61946020430059E-11,
16.35));
#3031=CARTESIAN_POINT('Origin',(160.657463165302,-2.61946020430059E-11,
16.35));
#3032=CARTESIAN_POINT('',(159.757463165302,-10.,16.35));
#3033=CARTESIAN_POINT('',(159.757463165302,0.,16.35));
#3034=CARTESIAN_POINT('',(161.557463165302,-10.,16.35));
#3035=CARTESIAN_POINT('Origin',(160.657463165302,-10.,16.35));
#3036=CARTESIAN_POINT('Origin',(160.657463165302,-10.,16.35));
#3037=CARTESIAN_POINT('Origin',(160.657463165302,-10.,16.35));
#3038=CARTESIAN_POINT('Origin',(16.25,0.,7.55));
#3039=CARTESIAN_POINT('',(17.15,0.,7.55));
#3040=CARTESIAN_POINT('',(15.35,0.,7.55));
#3041=CARTESIAN_POINT('Origin',(16.25,0.,7.55));
#3042=CARTESIAN_POINT('Origin',(16.25,0.,7.55));
#3043=CARTESIAN_POINT('',(15.35,-10.,7.55));
#3044=CARTESIAN_POINT('',(15.35,0.,7.55));
#3045=CARTESIAN_POINT('',(17.15,-10.,7.55));
#3046=CARTESIAN_POINT('Origin',(16.25,-10.,7.55));
#3047=CARTESIAN_POINT('Origin',(16.25,-10.,7.55));
#3048=CARTESIAN_POINT('Origin',(16.25,-10.,7.55));
#3049=CARTESIAN_POINT('Origin',(160.,-5.0000000000262,-9.75));
#3050=CARTESIAN_POINT('',(161.5,-5.0000000000262,-10.));
#3051=CARTESIAN_POINT('Origin',(160.,-5.0000000000262,-10.));
#3052=CARTESIAN_POINT('',(161.,-5.0000000000262,-9.5));
#3053=CARTESIAN_POINT('',(161.25,-5.0000000000262,-9.75));
#3054=CARTESIAN_POINT('Origin',(160.,-5.0000000000262,-9.5));
#3055=CARTESIAN_POINT('Origin',(160.657463165302,-10.9000000000262,-10.));
#3056=CARTESIAN_POINT('',(165.314926330604,-20.8000000000262,-10.));
#3057=CARTESIAN_POINT('',(165.314926330604,-1.00000000002619,-10.));
#3058=CARTESIAN_POINT('',(165.314926330604,-5.45000000002619,-10.));
#3059=CARTESIAN_POINT('',(156.,-20.8000000000262,-10.));
#3060=CARTESIAN_POINT('',(163.486194747953,-20.8000000000262,-10.));
#3061=CARTESIAN_POINT('',(156.,-1.0000000000262,-10.));
#3062=CARTESIAN_POINT('',(156.,-16.3500000000262,-10.));
#3063=CARTESIAN_POINT('',(157.828731582651,-1.00000000002619,-10.));
#3064=CARTESIAN_POINT('',(161.5,-16.8000000000262,-10.));
#3065=CARTESIAN_POINT('Origin',(160.,-16.8000000000262,-10.));
#3066=CARTESIAN_POINT('Origin',(160.,-5.0000000000262,0.));
#3067=CARTESIAN_POINT('',(161.,-5.0000000000262,0.));
#3068=CARTESIAN_POINT('',(161.,-5.0000000000262,0.));
#3069=CARTESIAN_POINT('Origin',(160.,-5.0000000000262,0.));
#3070=CARTESIAN_POINT('Origin',(160.,-16.8000000000262,-9.75));
#3071=CARTESIAN_POINT('',(161.,-16.8000000000262,-9.5));
#3072=CARTESIAN_POINT('',(161.25,-16.8000000000262,-9.75));
#3073=CARTESIAN_POINT('Origin',(160.,-16.8000000000262,-9.5));
#3074=CARTESIAN_POINT('Origin',(160.,-16.8000000000262,0.));
#3075=CARTESIAN_POINT('',(161.,-16.8000000000262,0.));
#3076=CARTESIAN_POINT('',(161.,-16.8000000000262,0.));
#3077=CARTESIAN_POINT('Origin',(160.,-16.8000000000262,0.));
#3078=CARTESIAN_POINT('Origin',(84.1,-53.8000000000262,37.75));
#3079=CARTESIAN_POINT('',(85.5,-53.8000000000262,37.5));
#3080=CARTESIAN_POINT('Origin',(84.1,-53.8000000000262,37.5));
#3081=CARTESIAN_POINT('',(85.,-53.8000000000262,38.));
#3082=CARTESIAN_POINT('',(85.25,-53.8000000000262,37.75));
#3083=CARTESIAN_POINT('',(83.2,-53.8000000000262,38.));
#3084=CARTESIAN_POINT('Origin',(84.1,-53.8000000000262,38.));
#3085=CARTESIAN_POINT('Origin',(84.1,-53.8000000000262,38.));
#3086=CARTESIAN_POINT('Origin',(87.4074631653018,13.6999999999738,37.5));
#3087=CARTESIAN_POINT('',(99.9,-63.8000000000262,37.5));
#3088=CARTESIAN_POINT('',(99.9,-43.8000000000262,37.5));
#3089=CARTESIAN_POINT('',(99.9,-14.5500000000262,37.5));
#3090=CARTESIAN_POINT('',(80.1,-63.8000000000262,37.5));
#3091=CARTESIAN_POINT('',(47.9537315826509,-63.8000000000262,37.5));
#3092=CARTESIAN_POINT('',(80.1,-43.8000000000262,37.5));
#3093=CARTESIAN_POINT('',(80.1,-25.5500000000262,37.5));
#3094=CARTESIAN_POINT('',(83.2537315826509,-43.8000000000262,37.5));
#3095=CARTESIAN_POINT('',(97.3,-53.8000000000262,37.5));
#3096=CARTESIAN_POINT('Origin',(95.9,-53.8000000000262,37.5));
#3097=CARTESIAN_POINT('Origin',(84.1,-53.8000000000262,37.5));
#3098=CARTESIAN_POINT('',(83.2,-53.8000000000262,47.5));
#3099=CARTESIAN_POINT('',(83.2,-53.8000000000262,37.5));
#3100=CARTESIAN_POINT('',(85.,-53.8000000000262,47.5));
#3101=CARTESIAN_POINT('Origin',(84.1,-53.8000000000262,47.5));
#3102=CARTESIAN_POINT('Origin',(84.1,-53.8000000000262,47.5));
#3103=CARTESIAN_POINT('Origin',(95.9,-53.8000000000262,37.75));
#3104=CARTESIAN_POINT('',(96.8,-53.8000000000262,38.));
#3105=CARTESIAN_POINT('',(97.05,-53.8000000000262,37.75));
#3106=CARTESIAN_POINT('',(95.,-53.8000000000262,38.));
#3107=CARTESIAN_POINT('Origin',(95.9,-53.8000000000262,38.));
#3108=CARTESIAN_POINT('Origin',(95.9,-53.8000000000262,38.));
#3109=CARTESIAN_POINT('Origin',(95.9,-53.8000000000262,37.5));
#3110=CARTESIAN_POINT('',(95.,-53.8000000000262,47.5));
#3111=CARTESIAN_POINT('',(95.,-53.8000000000262,37.5));
#3112=CARTESIAN_POINT('',(96.8,-53.8000000000262,47.5));
#3113=CARTESIAN_POINT('Origin',(95.9,-53.8000000000262,47.5));
#3114=CARTESIAN_POINT('Origin',(95.9,-53.8000000000262,47.5));
#3115=CARTESIAN_POINT('Origin',(20.,-5.0000000000262,-9.75));
#3116=CARTESIAN_POINT('',(21.5,-5.0000000000262,-10.));
#3117=CARTESIAN_POINT('Origin',(20.,-5.0000000000262,-10.));
#3118=CARTESIAN_POINT('',(21.,-5.0000000000262,-9.5));
#3119=CARTESIAN_POINT('',(21.25,-5.0000000000262,-9.75));
#3120=CARTESIAN_POINT('Origin',(20.,-5.0000000000262,-9.5));
#3121=CARTESIAN_POINT('Origin',(16.25,-10.9000000000256,-10.));
#3122=CARTESIAN_POINT('',(23.,-1.,-10.));
#3123=CARTESIAN_POINT('',(9.50000000000001,-1.,-10.));
#3124=CARTESIAN_POINT('',(12.375,-1.,-10.));
#3125=CARTESIAN_POINT('',(23.,-20.8000000000512,-10.));
#3126=CARTESIAN_POINT('',(23.,-5.4500000000128,-10.));
#3127=CARTESIAN_POINT('',(9.50000000000001,-20.8000000000512,-10.));
#3128=CARTESIAN_POINT('',(20.125,-20.8000000000512,-10.));
#3129=CARTESIAN_POINT('',(9.50000000000001,-16.3500000000384,-10.));
#3130=CARTESIAN_POINT('',(21.5,-16.8000000000262,-10.));
#3131=CARTESIAN_POINT('Origin',(20.,-16.8000000000262,-10.));
#3132=CARTESIAN_POINT('Origin',(20.,-5.0000000000262,0.));
#3133=CARTESIAN_POINT('',(21.,-5.0000000000262,0.));
#3134=CARTESIAN_POINT('',(21.,-5.0000000000262,0.));
#3135=CARTESIAN_POINT('Origin',(20.,-5.0000000000262,0.));
#3136=CARTESIAN_POINT('Origin',(20.,-16.8000000000262,-9.75));
#3137=CARTESIAN_POINT('',(21.,-16.8000000000262,-9.5));
#3138=CARTESIAN_POINT('',(21.25,-16.8000000000262,-9.75));
#3139=CARTESIAN_POINT('Origin',(20.,-16.8000000000262,-9.5));
#3140=CARTESIAN_POINT('Origin',(20.,-16.8000000000262,0.));
#3141=CARTESIAN_POINT('',(21.,-16.8000000000262,0.));
#3142=CARTESIAN_POINT('',(21.,-16.8000000000262,0.));
#3143=CARTESIAN_POINT('Origin',(20.,-16.8000000000262,0.));
#3144=CARTESIAN_POINT('Origin',(84.1,86.1999999999738,37.75));
#3145=CARTESIAN_POINT('',(85.5,86.1999999999738,37.5));
#3146=CARTESIAN_POINT('Origin',(84.1,86.1999999999738,37.5));
#3147=CARTESIAN_POINT('',(85.,86.1999999999738,38.));
#3148=CARTESIAN_POINT('',(85.25,86.1999999999738,37.75));
#3149=CARTESIAN_POINT('',(83.2,86.1999999999738,38.));
#3150=CARTESIAN_POINT('Origin',(84.1,86.1999999999738,38.));
#3151=CARTESIAN_POINT('Origin',(84.1,86.1999999999738,38.));
#3152=CARTESIAN_POINT('Origin',(87.4074631653018,13.6999999999738,37.5));
#3153=CARTESIAN_POINT('',(99.9,91.1999999999738,37.5));
#3154=CARTESIAN_POINT('',(80.1,91.1999999999738,37.5));
#3155=CARTESIAN_POINT('',(126.861194747953,91.1999999999738,37.5));
#3156=CARTESIAN_POINT('',(99.9,81.1999999999738,37.5));
#3157=CARTESIAN_POINT('',(99.9,52.9499999999738,37.5));
#3158=CARTESIAN_POINT('',(80.1,81.1999999999738,37.5));
#3159=CARTESIAN_POINT('',(94.1537315826509,81.1999999999738,37.5));
#3160=CARTESIAN_POINT('',(80.1,46.9499999999738,37.5));
#3161=CARTESIAN_POINT('',(97.3,86.1999999999738,37.5));
#3162=CARTESIAN_POINT('Origin',(95.9,86.1999999999738,37.5));
#3163=CARTESIAN_POINT('Origin',(84.1,86.1999999999738,37.5));
#3164=CARTESIAN_POINT('',(83.2,86.1999999999738,47.5));
#3165=CARTESIAN_POINT('',(83.2,86.1999999999738,37.5));
#3166=CARTESIAN_POINT('',(85.,86.1999999999738,47.5));
#3167=CARTESIAN_POINT('Origin',(84.1,86.1999999999738,47.5));
#3168=CARTESIAN_POINT('Origin',(84.1,86.1999999999738,47.5));
#3169=CARTESIAN_POINT('Origin',(95.9,86.1999999999738,37.75));
#3170=CARTESIAN_POINT('',(96.8,86.1999999999738,38.));
#3171=CARTESIAN_POINT('',(97.05,86.1999999999738,37.75));
#3172=CARTESIAN_POINT('',(95.,86.1999999999738,38.));
#3173=CARTESIAN_POINT('Origin',(95.9,86.1999999999738,38.));
#3174=CARTESIAN_POINT('Origin',(95.9,86.1999999999738,38.));
#3175=CARTESIAN_POINT('Origin',(95.9,86.1999999999738,37.5));
#3176=CARTESIAN_POINT('',(95.,86.1999999999738,47.5));
#3177=CARTESIAN_POINT('',(95.,86.1999999999738,37.5));
#3178=CARTESIAN_POINT('',(96.8,86.1999999999738,47.5));
#3179=CARTESIAN_POINT('Origin',(95.9,86.1999999999738,47.5));
#3180=CARTESIAN_POINT('Origin',(95.9,86.1999999999738,47.5));
#3181=CARTESIAN_POINT('Origin',(126.861194747953,91.1999999999738,38.5));
#3182=CARTESIAN_POINT('',(79.1,92.1999999999738,38.5));
#3183=CARTESIAN_POINT('',(100.9,92.1999999999738,38.5));
#3184=CARTESIAN_POINT('',(126.861194747953,92.1999999999738,38.5));
#3185=CARTESIAN_POINT('Origin',(99.9,91.1999999999738,38.5));
#3186=CARTESIAN_POINT('Origin',(80.1,91.1999999999738,38.5));
#3187=CARTESIAN_POINT('Origin',(80.1,46.9499999999738,38.5));
#3188=CARTESIAN_POINT('',(79.1,80.1999999999738,38.5));
#3189=CARTESIAN_POINT('Origin',(80.1,81.1999999999738,38.5));
#3190=CARTESIAN_POINT('',(79.1,46.9499999999738,38.5));
#3191=CARTESIAN_POINT('Origin',(94.1537315826509,81.1999999999738,38.5));
#3192=CARTESIAN_POINT('',(100.9,80.1999999999738,38.5));
#3193=CARTESIAN_POINT('Origin',(99.9,81.1999999999738,38.5));
#3194=CARTESIAN_POINT('',(94.1537315826509,80.1999999999738,38.5));
#3195=CARTESIAN_POINT('Origin',(99.9,52.9499999999738,38.5));
#3196=CARTESIAN_POINT('',(100.9,52.9499999999738,38.5));
#3197=CARTESIAN_POINT('Origin',(100.9,92.1999999999738,37.5));
#3198=CARTESIAN_POINT('',(100.9,92.1999999999738,44.5));
#3199=CARTESIAN_POINT('',(100.9,92.1999999999738,37.5));
#3200=CARTESIAN_POINT('',(100.9,80.1999999999738,44.5));
#3201=CARTESIAN_POINT('',(100.9,52.9499999999738,44.5));
#3202=CARTESIAN_POINT('',(100.9,80.1999999999738,37.5));
#3203=CARTESIAN_POINT('Origin',(166.314926330604,92.1999999999738,37.5));
#3204=CARTESIAN_POINT('',(79.1,92.1999999999738,44.5));
#3205=CARTESIAN_POINT('',(79.1,92.1999999999738,37.5));
#3206=CARTESIAN_POINT('',(101.903731582651,92.1999999999738,21.6962684173491));
#3207=CARTESIAN_POINT('',(13.5,92.1999999999738,52.5));
#3208=CARTESIAN_POINT('',(13.5,92.1999999999738,18.75));
#3209=CARTESIAN_POINT('',(161.314926330604,92.1999999999738,52.5));
#3210=CARTESIAN_POINT('',(166.314926330604,92.1999999999738,52.5));
#3211=CARTESIAN_POINT('',(161.314926330604,92.1999999999738,18.75));
#3212=CARTESIAN_POINT('',(116.253731582651,92.1999999999738,59.8537315826509));
#3213=CARTESIAN_POINT('Origin',(99.9,-14.5500000000262,38.5));
#3214=CARTESIAN_POINT('',(100.9,-42.8000000000262,38.5));
#3215=CARTESIAN_POINT('Origin',(99.9,-43.8000000000262,38.5));
#3216=CARTESIAN_POINT('',(100.9,-64.8000000000262,38.5));
#3217=CARTESIAN_POINT('',(100.9,-14.5500000000262,38.5));
#3218=CARTESIAN_POINT('Origin',(99.9,-63.8000000000262,38.5));
#3219=CARTESIAN_POINT('Origin',(83.2537315826509,-43.8000000000262,38.5));
#3220=CARTESIAN_POINT('',(79.1,-42.8000000000262,38.5));
#3221=CARTESIAN_POINT('Origin',(80.1,-43.8000000000262,38.5));
#3222=CARTESIAN_POINT('',(83.2537315826509,-42.8000000000262,38.5));
#3223=CARTESIAN_POINT('Origin',(47.9537315826509,-63.8000000000262,38.5));
#3224=CARTESIAN_POINT('',(79.1,-64.8000000000262,38.5));
#3225=CARTESIAN_POINT('',(47.9537315826509,-64.8000000000262,38.5));
#3226=CARTESIAN_POINT('Origin',(80.1,-63.8000000000262,38.5));
#3227=CARTESIAN_POINT('Origin',(80.1,-25.5500000000262,38.5));
#3228=CARTESIAN_POINT('',(79.1,-25.5500000000262,38.5));
#3229=CARTESIAN_POINT('Origin',(8.50000000000001,-64.8000000000262,37.5));
#3230=CARTESIAN_POINT('',(100.9,-64.8000000000262,44.5));
#3231=CARTESIAN_POINT('',(100.9,-64.8000000000262,37.5));
#3232=CARTESIAN_POINT('',(76.7999999999999,-64.8000000000262,20.4));
#3233=CARTESIAN_POINT('',(161.314926330604,-64.8000000000262,52.5));
#3234=CARTESIAN_POINT('',(161.314926330604,-64.8000000000262,18.75));
#3235=CARTESIAN_POINT('',(13.5,-64.8000000000262,52.5));
#3236=CARTESIAN_POINT('',(8.50000000000001,-64.8000000000262,52.5));
#3237=CARTESIAN_POINT('',(13.5,-64.8000000000262,18.75));
#3238=CARTESIAN_POINT('',(79.1,-64.8000000000262,44.5));
#3239=CARTESIAN_POINT('',(62.45,-64.8000000000262,61.15));
#3240=CARTESIAN_POINT('',(79.1,-64.8000000000262,37.5));
#3241=CARTESIAN_POINT('Origin',(100.9,-42.8000000000262,37.5));
#3242=CARTESIAN_POINT('',(100.9,-42.8000000000262,44.5));
#3243=CARTESIAN_POINT('',(100.9,-42.8000000000262,37.5));
#3244=CARTESIAN_POINT('',(100.9,-14.5500000000262,44.5));
#3245=CARTESIAN_POINT('Origin',(12.375,-1.,-9.));
#3246=CARTESIAN_POINT('',(8.50000000000001,0.,-9.));
#3247=CARTESIAN_POINT('Origin',(9.50000000000001,-1.,-9.));
#3248=CARTESIAN_POINT('',(24.,0.,-9.));
#3249=CARTESIAN_POINT('',(12.375,0.,-9.));
#3250=CARTESIAN_POINT('Origin',(23.,-1.,-9.));
#3251=CARTESIAN_POINT('Origin',(9.50000000000001,-16.3500000000384,-9.));
#3252=CARTESIAN_POINT('',(8.50000000000001,-21.8000000000512,-9.));
#3253=CARTESIAN_POINT('Origin',(9.50000000000001,-20.8000000000512,-9.));
#3254=CARTESIAN_POINT('',(8.50000000000001,-16.3500000000384,-9.));
#3255=CARTESIAN_POINT('Origin',(20.125,-20.8000000000512,-9.));
#3256=CARTESIAN_POINT('',(24.,-21.8000000000262,-9.));
#3257=CARTESIAN_POINT('Origin',(23.,-20.8000000000512,-9.));
#3258=CARTESIAN_POINT('',(20.125,-21.8000000000512,-9.));
#3259=CARTESIAN_POINT('Origin',(23.,-5.4500000000128,-9.));
#3260=CARTESIAN_POINT('',(24.,-5.4500000000128,-9.));
#3261=CARTESIAN_POINT('Origin',(24.,0.,0.));
#3262=CARTESIAN_POINT('',(24.,0.,42.5));
#3263=CARTESIAN_POINT('',(24.,0.,0.));
#3264=CARTESIAN_POINT('',(24.,-21.8000000000262,42.5));
#3265=CARTESIAN_POINT('',(24.,6.84999999998689,42.5));
#3266=CARTESIAN_POINT('',(24.,-21.8000000000262,0.));
#3267=CARTESIAN_POINT('',(24.,-17.8500000000262,13.35));
#3268=CARTESIAN_POINT('Origin',(24.,-17.8500000000262,11.95));
#3269=CARTESIAN_POINT('',(24.,-5.45000000002619,13.35));
#3270=CARTESIAN_POINT('Origin',(24.,-5.45000000002619,11.95));
#3271=CARTESIAN_POINT('Origin',(8.50000000000001,0.,0.));
#3272=CARTESIAN_POINT('',(8.50000000000001,0.,42.5));
#3273=CARTESIAN_POINT('',(8.50000000000001,0.,0.));
#3274=CARTESIAN_POINT('',(47.9537315826509,0.,42.5));
#3275=CARTESIAN_POINT('Origin',(165.314926330604,-5.45000000002619,-9.));
#3276=CARTESIAN_POINT('',(166.314926330604,-2.61946020430059E-11,-9.));
#3277=CARTESIAN_POINT('Origin',(165.314926330604,-1.00000000002619,-9.));
#3278=CARTESIAN_POINT('',(166.314926330604,-21.8000000000262,-9.));
#3279=CARTESIAN_POINT('',(166.314926330604,-5.45000000002619,-9.));
#3280=CARTESIAN_POINT('Origin',(165.314926330604,-20.8000000000262,-9.));
#3281=CARTESIAN_POINT('Origin',(157.828731582651,-1.00000000002619,-9.));
#3282=CARTESIAN_POINT('',(155.,-2.61946020430059E-11,-9.));
#3283=CARTESIAN_POINT('Origin',(156.,-1.00000000002619,-9.));
#3284=CARTESIAN_POINT('',(157.828731582651,-2.61946020430059E-11,-9.));
#3285=CARTESIAN_POINT('Origin',(156.,-16.3500000000262,-9.));
#3286=CARTESIAN_POINT('',(155.,-21.8000000000262,-9.));
#3287=CARTESIAN_POINT('Origin',(156.,-20.8000000000262,-9.));
#3288=CARTESIAN_POINT('',(155.,-16.3500000000262,-9.));
#3289=CARTESIAN_POINT('Origin',(163.486194747953,-20.8000000000262,-9.));
#3290=CARTESIAN_POINT('',(163.486194747953,-21.8000000000262,-9.));
#3291=CARTESIAN_POINT('Origin',(166.314926330604,-21.8000000000262,0.));
#3292=CARTESIAN_POINT('',(166.314926330604,-21.8000000000262,42.5));
#3293=CARTESIAN_POINT('',(166.314926330604,-21.8000000000262,0.));
#3294=CARTESIAN_POINT('',(155.,-21.8000000000262,42.5));
#3295=CARTESIAN_POINT('',(126.861194747953,-21.8000000000262,42.5));
#3296=CARTESIAN_POINT('',(155.,-21.8000000000262,0.));
#3297=CARTESIAN_POINT('Origin',(166.314926330604,-2.61923815969567E-11,
0.));
#3298=CARTESIAN_POINT('',(166.314926330604,-2.61946020430059E-11,42.5));
#3299=CARTESIAN_POINT('',(166.314926330604,-2.61946020430059E-11,0.));
#3300=CARTESIAN_POINT('',(166.314926330604,-9.3750000000262,33.125));
#3301=CARTESIAN_POINT('',(166.314926330604,87.1999999999738,52.5));
#3302=CARTESIAN_POINT('',(166.314926330604,87.1999999999738,18.75));
#3303=CARTESIAN_POINT('',(166.314926330604,-59.8000000000262,52.5));
#3304=CARTESIAN_POINT('',(166.314926330604,-64.8000000000262,52.5));
#3305=CARTESIAN_POINT('',(166.314926330604,-59.8000000000262,18.75));
#3306=CARTESIAN_POINT('',(166.314926330604,-6.9750000000262,27.675));
#3307=CARTESIAN_POINT('',(166.314926330604,-17.8500000000262,10.55));
#3308=CARTESIAN_POINT('',(166.314926330604,-17.8500000000262,13.35));
#3309=CARTESIAN_POINT('Origin',(166.314926330604,-17.8500000000262,11.95));
#3310=CARTESIAN_POINT('Origin',(166.314926330604,-17.8500000000262,11.95));
#3311=CARTESIAN_POINT('',(166.314926330604,-5.45000000002619,10.55));
#3312=CARTESIAN_POINT('',(166.314926330604,-5.45000000002619,13.35));
#3313=CARTESIAN_POINT('Origin',(166.314926330604,-5.45000000002619,11.95));
#3314=CARTESIAN_POINT('Origin',(166.314926330604,-5.45000000002619,11.95));
#3315=CARTESIAN_POINT('Origin',(13.5,-59.8000000000262,18.75));
#3316=CARTESIAN_POINT('',(8.50000000000001,-59.8000000000262,52.5));
#3317=CARTESIAN_POINT('Origin',(13.5,-59.8000000000262,52.5));
#3318=CARTESIAN_POINT('',(8.50000000000001,-59.8000000000262,18.75));
#3319=CARTESIAN_POINT('Origin',(87.4074631653018,13.6999999999738,47.5));
#3320=CARTESIAN_POINT('Origin',(161.314926330604,-59.8000000000262,18.75));
#3321=CARTESIAN_POINT('Origin',(161.314926330604,-59.8000000000262,52.5));
#3322=CARTESIAN_POINT('Origin',(161.314926330604,87.1999999999738,18.75));
#3323=CARTESIAN_POINT('Origin',(161.314926330604,87.1999999999738,52.5));
#3324=CARTESIAN_POINT('Origin',(13.5,87.1999999999738,18.75));
#3325=CARTESIAN_POINT('',(8.50000000000001,87.1999999999738,52.5));
#3326=CARTESIAN_POINT('Origin',(13.5,87.1999999999738,52.5));
#3327=CARTESIAN_POINT('',(8.50000000000001,87.1999999999738,18.75));
#3328=CARTESIAN_POINT('Origin',(8.50000000000001,-21.8000000000512,0.));
#3329=CARTESIAN_POINT('',(8.50000000000001,-21.8000000000512,42.5));
#3330=CARTESIAN_POINT('',(8.50000000000001,-21.8000000000512,0.));
#3331=CARTESIAN_POINT('',(8.50000000000001,-12.4250000000481,33.1249999999734));
#3332=CARTESIAN_POINT('',(8.50000000000001,92.1999999999738,52.5));
#3333=CARTESIAN_POINT('',(8.50000000000001,-14.8250000000128,27.6749999999872));
#3334=CARTESIAN_POINT('',(8.50000000000001,-17.8500000000262,13.35));
#3335=CARTESIAN_POINT('Origin',(8.50000000000001,-17.8500000000262,11.95));
#3336=CARTESIAN_POINT('',(8.50000000000001,-5.45000000002619,13.35));
#3337=CARTESIAN_POINT('Origin',(8.50000000000001,-5.45000000002619,11.95));
#3338=CARTESIAN_POINT('Origin',(102.4,52.9499999999738,46.));
#3339=CARTESIAN_POINT('',(103.9,77.1999999999738,47.5));
#3340=CARTESIAN_POINT('Origin',(94.1537315826509,78.6999999999738,46.));
#3341=CARTESIAN_POINT('',(79.1,80.1999999999738,44.5));
#3342=CARTESIAN_POINT('',(94.1537315826509,80.1999999999738,44.5));
#3343=CARTESIAN_POINT('',(76.1,77.1999999999738,47.5));
#3344=CARTESIAN_POINT('Origin',(77.6,46.9499999999738,46.));
#3345=CARTESIAN_POINT('',(79.1,46.9499999999738,44.5));
#3346=CARTESIAN_POINT('Origin',(100.9,80.1999999999738,37.5));
#3347=CARTESIAN_POINT('',(79.1,80.1999999999738,37.5));
#3348=CARTESIAN_POINT('Origin',(79.1,80.1999999999738,37.5));
#3349=CARTESIAN_POINT('Origin',(77.6,-25.5500000000262,46.));
#3350=CARTESIAN_POINT('',(79.1,-42.8000000000262,44.5));
#3351=CARTESIAN_POINT('',(79.1,-25.5500000000262,44.5));
#3352=CARTESIAN_POINT('',(76.1,-39.8000000000262,47.5));
#3353=CARTESIAN_POINT('Origin',(83.2537315826509,-41.3000000000262,46.));
#3354=CARTESIAN_POINT('',(83.2537315826509,-42.8000000000262,44.5));
#3355=CARTESIAN_POINT('',(103.9,-39.8000000000262,47.5));
#3356=CARTESIAN_POINT('Origin',(102.4,-14.5500000000262,46.));
#3357=CARTESIAN_POINT('Origin',(79.1,-64.8000000000262,37.5));
#3358=CARTESIAN_POINT('',(79.1,-42.8000000000262,37.5));
#3359=CARTESIAN_POINT('Origin',(79.1,-42.8000000000262,37.5));
#3360=CARTESIAN_POINT('Origin',(47.9537315826509,2.5,45.));
#3361=CARTESIAN_POINT('',(29.,5.,47.5));
#3362=CARTESIAN_POINT('Origin',(26.5,6.84999999998689,45.));
#3363=CARTESIAN_POINT('',(29.,-26.8000000000387,47.5));
#3364=CARTESIAN_POINT('Origin',(55.7037315826509,-24.300000000045,45.));
#3365=CARTESIAN_POINT('',(55.7037315826509,-21.8000000000512,42.5));
#3366=CARTESIAN_POINT('Origin',(24.,-21.8000000000512,0.));
#3367=CARTESIAN_POINT('Origin',(126.861194747953,-24.3000000000262,45.));
#3368=CARTESIAN_POINT('',(150.,-26.8000000000262,47.5));
#3369=CARTESIAN_POINT('Origin',(152.5,-4.05000000002621,45.));
#3370=CARTESIAN_POINT('',(155.,-2.61946020430059E-11,42.5));
#3371=CARTESIAN_POINT('',(150.,4.99999999997381,47.5));
#3372=CARTESIAN_POINT('',(155.,-4.05000000002621,42.5));
#3373=CARTESIAN_POINT('Origin',(121.203731582651,2.49999999997381,45.));
#3374=CARTESIAN_POINT('',(121.203731582651,-2.61951571545183E-11,42.5));
#3375=CARTESIAN_POINT('Origin',(155.,-21.8000000000262,0.));
#3376=CARTESIAN_POINT('',(155.,-2.61946020430059E-11,0.));
#3377=CARTESIAN_POINT('',(155.,-5.45000000002619,13.35));
#3378=CARTESIAN_POINT('Origin',(155.,-5.45000000002619,11.95));
#3379=CARTESIAN_POINT('',(155.,-17.8500000000262,13.35));
#3380=CARTESIAN_POINT('Origin',(155.,-17.8500000000262,11.95));
#3381=CARTESIAN_POINT('Origin',(155.,-2.61946020430059E-11,0.));
#3382=CARTESIAN_POINT('Origin',(84.1,86.1999999999738,47.5));
#3383=CARTESIAN_POINT('Origin',(84.1,-53.8000000000262,47.5));
#3384=CARTESIAN_POINT('Origin',(95.9,86.1999999999738,47.5));
#3385=CARTESIAN_POINT('Origin',(95.9,-53.8000000000262,47.5));
#3386=CARTESIAN_POINT('Origin',(87.4074631653018,13.6999999999738,52.5));
#3387=CARTESIAN_POINT('Origin',(16.25,-10.9000000000256,0.));
#3388=CARTESIAN_POINT('Origin',(16.25,-10.9000000000256,0.));
#3389=CARTESIAN_POINT('Origin',(166.314926330604,-5.45000000002619,11.95));
#3390=CARTESIAN_POINT('',(166.314926330604,-5.45000000002619,13.35));
#3391=CARTESIAN_POINT('Origin',(166.314926330604,-17.8500000000262,11.95));
#3392=CARTESIAN_POINT('',(166.314926330604,-17.8500000000262,13.35));
#3393=CARTESIAN_POINT('Origin',(166.314926330604,-17.8500000000262,11.95));
#3394=CARTESIAN_POINT('',(166.314926330604,-17.8500000000262,13.35));
#3395=CARTESIAN_POINT('Origin',(166.314926330604,-5.45000000002619,11.95));
#3396=CARTESIAN_POINT('',(166.314926330604,-5.45000000002619,13.35));
#3397=CARTESIAN_POINT('Origin',(160.657463165302,-10.9000000000262,0.));
#3398=CARTESIAN_POINT('Origin',(160.657463165302,-10.9000000000262,0.));
#3399=UNCERTAINTY_MEASURE_WITH_UNIT(LENGTH_MEASURE(0.01),#3403,
'DISTANCE_ACCURACY_VALUE',
'Maximum model space distance between geometric entities at asserted c
onnectivities');
#3400=UNCERTAINTY_MEASURE_WITH_UNIT(LENGTH_MEASURE(0.01),#3403,
'DISTANCE_ACCURACY_VALUE',
'Maximum model space distance between geometric entities at asserted c
onnectivities');
#3401=(
GEOMETRIC_REPRESENTATION_CONTEXT(3)
GLOBAL_UNCERTAINTY_ASSIGNED_CONTEXT((#3399))
GLOBAL_UNIT_ASSIGNED_CONTEXT((#3403,#3405,#3406))
REPRESENTATION_CONTEXT('','3D')
);
#3402=(
GEOMETRIC_REPRESENTATION_CONTEXT(3)
GLOBAL_UNCERTAINTY_ASSIGNED_CONTEXT((#3400))
GLOBAL_UNIT_ASSIGNED_CONTEXT((#3403,#3405,#3406))
REPRESENTATION_CONTEXT('','3D')
);
#3403=(
LENGTH_UNIT()
NAMED_UNIT(*)
SI_UNIT(.MILLI.,.METRE.)
);
#3404=(
LENGTH_UNIT()
NAMED_UNIT(*)
SI_UNIT(.CENTI.,.METRE.)
);
#3405=(
NAMED_UNIT(*)
PLANE_ANGLE_UNIT()
SI_UNIT($,.RADIAN.)
);
#3406=(
NAMED_UNIT(*)
SI_UNIT($,.STERADIAN.)
SOLID_ANGLE_UNIT()
);
#3407=SHAPE_DEFINITION_REPRESENTATION(#3408,#3409);
#3408=PRODUCT_DEFINITION_SHAPE('',$,#3411);
#3409=SHAPE_REPRESENTATION('',(#1974),#3401);
#3410=PRODUCT_DEFINITION_CONTEXT('part definition',#3415,'design');
#3411=PRODUCT_DEFINITION('frame','frame',#3412,#3410);
#3412=PRODUCT_DEFINITION_FORMATION('',$,#3417);
#3413=PRODUCT_RELATED_PRODUCT_CATEGORY('frame','frame',(#3417));
#3414=APPLICATION_PROTOCOL_DEFINITION('international standard',
'automotive_design',2009,#3415);
#3415=APPLICATION_CONTEXT(
'Core Data for Automotive Mechanical Design Process');
#3416=PRODUCT_CONTEXT('part definition',#3415,'mechanical');
#3417=PRODUCT('frame','frame',$,(#3416));
#3418=PRESENTATION_STYLE_ASSIGNMENT((#3419));
#3419=SURFACE_STYLE_USAGE(.BOTH.,#3422);
#3420=SURFACE_STYLE_RENDERING_WITH_PROPERTIES($,#3426,(#3421));
#3421=SURFACE_STYLE_TRANSPARENT(0.);
#3422=SURFACE_SIDE_STYLE('',(#3423,#3420));
#3423=SURFACE_STYLE_FILL_AREA(#3424);
#3424=FILL_AREA_STYLE('',(#3425));
#3425=FILL_AREA_STYLE_COLOUR('',#3426);
#3426=COLOUR_RGB('',0.,0.490196078431373,0.658823529411765);
ENDSEC;
END-ISO-10303-21;
